ticker,cik,valuation_date,data_as_of_date,diluted_shares,beta,beta_source,risk_free_rate,rf_source,equity_risk_premium,cost_of_debt,cod_source,effective_tax_rate,lineage,status
AAPL,0000320193,2024-12-31,2024-11-01 13:01:36+03,15408095000.0,1.1,Company 5Y Blume-Adjusted Beta (AAPL vs S&P 500),0.0457,"US Treasury 10Y Par Yield (2024-12-31, home.treasury.gov)",0.05,0.0607,Investment Grade Credit Spread Fallback (Rf + 1.5%),0.24091185164189982,LTM Stmt: LTM_AAPL_2024_Q4_0000320193-24-000123 | PeriodEnd: 2024-09-28 | Acceptance: 2024-11-01 13:01:36+03 | SharesConcept: WeightedAverageNumberOfDilutedSharesOutstanding (2024-09-28),VALIDATED
ABT,0000001800,2024-12-31,2024-11-01 02:59:59+03,1749434000.0,0.75,Company 5Y Blume-Adjusted Beta (ABT vs S&P 500),0.0457,"US Treasury 10Y Par Yield (2024-12-31, home.treasury.gov)",0.05,0.0607,Investment Grade Credit Spread Fallback (Rf + 1.5%),0.14915904396577162,LTM Stmt: LTM_ABT_2024_Q3_0001628280-24-044602 | PeriodEnd: 2024-09-30 | Acceptance: 2024-11-01 02:59:59+03 | SharesConcept: WeightedAverageNumberOfDilutedSharesOutstanding (2024-09-30),VALIDATED
AMZN,0001018724,2024-12-31,2024-11-02 02:59:59+03,10705000000.0,1.25,Company 5Y Blume-Adjusted Beta (AMZN vs S&P 500),0.0457,"US Treasury 10Y Par Yield (2024-12-31, home.treasury.gov)",0.05,0.0607,Investment Grade Credit Spread Fallback (Rf + 1.5%),0.16683624960384313,LTM Stmt: LTM_AMZN_2024_Q3_0001018724-24-000161 | PeriodEnd: 2024-09-30 | Acceptance: 2024-11-02 02:59:59+03 | SharesConcept: WeightedAverageNumberOfDilutedSharesOutstanding (2024-09-30),VALIDATED
CAT,0000018230,2024-12-31,2024-11-07 02:59:59+03,491700000.0,1.15,Company 5Y Blume-Adjusted Beta (CAT vs S&P 500),0.0457,"US Treasury 10Y Par Yield (2024-12-31, home.treasury.gov)",0.05,0.0607,Investment Grade Credit Spread Fallback (Rf + 1.5%),0.20577023693848567,LTM Stmt: LTM_CAT_2024_Q3_0000018230-24-000053 | PeriodEnd: 2024-09-30 | Acceptance: 2024-11-07 02:59:59+03 | SharesConcept: WeightedAverageNumberOfDilutedSharesOutstanding (2024-09-30),VALIDATED
COP,0001163165,2024-12-31,2024-11-01 02:59:59+03,1171424000.0,1.15,Company 5Y Blume-Adjusted Beta (COP vs S&P 500),0.0457,"US Treasury 10Y Par Yield (2024-12-31, home.treasury.gov)",0.05,0.032190429205722744,Historical Accounting Proxy (Interest Expense / Total Debt: 3.22%),0.21,LTM Stmt: LTM_COP_2024_Q3_0001163165-24-000052 | PeriodEnd: 2024-09-30 | Acceptance: 2024-11-01 02:59:59+03 | SharesConcept: WeightedAverageNumberOfDilutedSharesOutstanding (2024-09-30),VALIDATED
COST,0000909832,2024-12-31,2024-10-09 01:40:07+03,444891000.0,0.8,Company 5Y Blume-Adjusted Beta (COST vs S&P 500),0.0457,"US Treasury 10Y Par Yield (2024-12-31, home.treasury.gov)",0.05,0.02865863998643378,Historical Accounting Proxy (Interest Expense / Total Debt: 2.87%),0.24363449691991787,LTM Stmt: LTM_COST_2024_Q4_0000909832-24-000049 | PeriodEnd: 2024-09-01 | Acceptance: 2024-10-09 01:40:07+03 | SharesConcept: WeightedAverageNumberOfDilutedSharesOutstanding (2024-11-24),VALIDATED
CSCO,0000858877,2024-12-31,2024-09-05 23:41:20+03,4013000000.0,0.9,Company 5Y Blume-Adjusted Beta (CSCO vs S&P 500),0.0457,"US Treasury 10Y Par Yield (2024-12-31, home.treasury.gov)",0.05,0.0607,Investment Grade Credit Spread Fallback (Rf + 1.5%),0.15644923982344286,LTM Stmt: LTM_CSCO_2024_Q4_0000858877-24-000017 | PeriodEnd: 2024-07-27 | Acceptance: 2024-09-05 23:41:20+03 | SharesConcept: WeightedAverageNumberOfDilutedSharesOutstanding (2024-10-26),VALIDATED
CVX,0000093410,2024-12-31,2024-11-08 02:59:59+03,1829776000.0,0.9,Company 5Y Blume-Adjusted Beta (CVX vs S&P 500),0.0457,"US Treasury 10Y Par Yield (2024-12-31, home.treasury.gov)",0.05,0.024599329109206113,Historical Accounting Proxy (Interest Expense / Total Debt: 2.46%),0.32898905241207843,LTM Stmt: LTM_CVX_2024_Q3_0000093410-24-000059 | PeriodEnd: 2024-09-30 | Acceptance: 2024-11-08 02:59:59+03 | SharesConcept: WeightedAverageNumberOfDilutedSharesOutstanding (2024-09-30),VALIDATED
EOG,0000821189,2024-12-31,2024-11-08 02:59:59+03,573000000.0,1.2,Company 5Y Blume-Adjusted Beta (EOG vs S&P 500),0.0457,"US Treasury 10Y Par Yield (2024-12-31, home.treasury.gov)",0.05,0.0607,Investment Grade Credit Spread Fallback (Rf + 1.5%),0.21787709497206703,LTM Stmt: LTM_EOG_2024_Q3_0000821189-24-000049 | PeriodEnd: 2024-09-30 | Acceptance: 2024-11-08 02:59:59+03 | SharesConcept: WeightedAverageNumberOfDilutedSharesOutstanding (2024-09-30),VALIDATED
HD,0000354950,2024-12-31,2024-11-20 02:59:59+03,992000000.0,1.0,Company 5Y Blume-Adjusted Beta (HD vs S&P 500),0.0457,"US Treasury 10Y Par Yield (2024-12-31, home.treasury.gov)",0.05,0.0607,Investment Grade Credit Spread Fallback (Rf + 1.5%),0.23922099562591126,LTM Stmt: LTM_HD_2024_Q3_0000354950-24-000240 | PeriodEnd: 2024-10-27 | Acceptance: 2024-11-20 02:59:59+03 | SharesConcept: WeightedAverageNumberOfDilutedSharesOutstanding (2024-10-27),VALIDATED
HON,0000773840,2024-12-31,2024-10-25 02:59:59+03,655200000.0,1.0,Company 5Y Blume-Adjusted Beta (HON vs S&P 500),0.0457,"US Treasury 10Y Par Yield (2024-12-31, home.treasury.gov)",0.05,0.03354683239266916,Historical Accounting Proxy (Interest Expense / Total Debt: 3.35%),0.20585365853658535,LTM Stmt: LTM_HON_2024_Q3_0000773840-24-000099 | PeriodEnd: 2024-09-30 | Acceptance: 2024-10-25 02:59:59+03 | SharesConcept: WeightedAverageNumberOfDilutedSharesOutstanding (2024-09-30),VALIDATED
INTC,0000050863,2024-12-31,2024-11-02 02:59:59+03,4267000000.0,1.15,Company 5Y Blume-Adjusted Beta (INTC vs S&P 500),0.0457,"US Treasury 10Y Par Yield (2024-12-31, home.treasury.gov)",0.05,0.0607,Investment Grade Credit Spread Fallback (Rf + 1.5%),0.21,LTM Stmt: LTM_INTC_2024_Q3_0000050863-24-000149 | PeriodEnd: 2024-09-28 | Acceptance: 2024-11-02 02:59:59+03 | SharesConcept: WeightedAverageNumberOfDilutedSharesOutstanding (2024-09-28),VALIDATED
JNJ,0000200406,2024-12-31,2024-10-24 02:59:59+03,2429500000.0,0.6,Company 5Y Blume-Adjusted Beta (JNJ vs S&P 500),0.0457,"US Treasury 10Y Par Yield (2024-12-31, home.treasury.gov)",0.05,0.0607,Investment Grade Credit Spread Fallback (Rf + 1.5%),0.3868741542625169,LTM Stmt: LTM_JNJ_2024_Q3_0000200406-24-000096 | PeriodEnd: 2024-09-29 | Acceptance: 2024-10-24 02:59:59+03 | SharesConcept: WeightedAverageNumberOfDilutedSharesOutstanding (2024-09-29),VALIDATED
KO,0000021344,2024-12-31,2024-10-25 02:59:59+03,4321000000.0,0.6,Company 5Y Blume-Adjusted Beta (KO vs S&P 500),0.0457,"US Treasury 10Y Par Yield (2024-12-31, home.treasury.gov)",0.05,0.0607,Investment Grade Credit Spread Fallback (Rf + 1.5%),0.18335684062059238,LTM Stmt: LTM_KO_2024_Q3_0000021344-24-000060 | PeriodEnd: 2024-09-27 | Acceptance: 2024-10-25 02:59:59+03 | SharesConcept: WeightedAverageNumberOfDilutedSharesOutstanding (2024-09-27),VALIDATED
LMT,0000936468,2024-12-31,2024-10-23 02:59:59+03,239900000.0,0.65,Company 5Y Blume-Adjusted Beta (LMT vs S&P 500),0.0457,"US Treasury 10Y Par Yield (2024-12-31, home.treasury.gov)",0.05,0.0607,Investment Grade Credit Spread Fallback (Rf + 1.5%),0.14924802447106805,LTM Stmt: LTM_LMT_2024_Q3_0000936468-24-000110 | PeriodEnd: 2024-09-29 | Acceptance: 2024-10-23 02:59:59+03 | SharesConcept: WeightedAverageNumberOfDilutedSharesOutstanding (2024-09-29),VALIDATED
LOW,0000060667,2024-12-31,2024-11-28 02:59:59+03,569000000.0,1.05,Company 5Y Blume-Adjusted Beta (LOW vs S&P 500),0.0457,"US Treasury 10Y Par Yield (2024-12-31, home.treasury.gov)",0.05,0.0607,Investment Grade Credit Spread Fallback (Rf + 1.5%),0.2376237623762376,LTM Stmt: LTM_LOW_2024_Q3_0000060667-24-000169 | PeriodEnd: 2024-11-01 | Acceptance: 2024-11-28 02:59:59+03 | SharesConcept: WeightedAverageNumberOfDilutedSharesOutstanding (2024-11-01),VALIDATED
MCD,0000063908,2024-12-31,2024-11-08 02:59:59+03,722700000.0,0.65,Company 5Y Blume-Adjusted Beta (MCD vs S&P 500),0.0457,"US Treasury 10Y Par Yield (2024-12-31, home.treasury.gov)",0.05,0.03919425359150531,Historical Accounting Proxy (Interest Expense / Total Debt: 3.92%),0.21,LTM Stmt: LTM_MCD_2024_Q3_0000063908-24-000156 | PeriodEnd: 2024-09-30 | Acceptance: 2024-11-08 02:59:59+03 | SharesConcept: WeightedAverageNumberOfDilutedSharesOutstanding (2024-09-30),VALIDATED
MMM,0000066740,2024-12-31,2024-10-23 02:59:59+03,554500000.0,0.95,Company 5Y Blume-Adjusted Beta (MMM vs S&P 500),0.0457,"US Treasury 10Y Par Yield (2024-12-31, home.treasury.gov)",0.05,0.0607,Investment Grade Credit Spread Fallback (Rf + 1.5%),0.17138599105812222,LTM Stmt: LTM_MMM_2024_Q3_0000066740-24-000101 | PeriodEnd: 2024-09-30 | Acceptance: 2024-10-23 02:59:59+03 | SharesConcept: WeightedAverageNumberOfDilutedSharesOutstanding (2024-09-30),VALIDATED
MRK,0000310158,2024-12-31,2024-11-07 02:59:59+03,2543000000.0,0.55,Company 5Y Blume-Adjusted Beta (MRK vs S&P 500),0.0457,"US Treasury 10Y Par Yield (2024-12-31, home.treasury.gov)",0.05,0.0607,Investment Grade Credit Spread Fallback (Rf + 1.5%),0.11348396501457726,LTM Stmt: LTM_MRK_2024_Q3_0001628280-24-045689 | PeriodEnd: 2024-09-30 | Acceptance: 2024-11-07 02:59:59+03 | SharesConcept: WeightedAverageNumberOfDilutedSharesOutstanding (2024-09-30),VALIDATED
MSFT,0000789019,2024-12-31,2024-07-30 23:06:22+03,7470000000.0,1.05,Company 5Y Blume-Adjusted Beta (MSFT vs S&P 500),0.0457,"US Treasury 10Y Par Yield (2024-12-31, home.treasury.gov)",0.05,0.06531366134810958,Historical Accounting Proxy (Interest Expense / Total Debt: 6.53%),0.18231326597827197,LTM Stmt: LTM_MSFT_2024_Q4_0000950170-24-087843 | PeriodEnd: 2024-06-30 | Acceptance: 2024-07-30 23:06:22+03 | SharesConcept: WeightedAverageNumberOfDilutedSharesOutstanding (2024-09-30),VALIDATED
NKE,0000320187,2024-12-31,2024-07-25 23:16:58+03,1502000000.0,1.05,Company 5Y Blume-Adjusted Beta (NKE vs S&P 500),0.0457,"US Treasury 10Y Par Yield (2024-12-31, home.treasury.gov)",0.05,0.018083791980231384,Historical Accounting Proxy (Interest Expense / Total Debt: 1.81%),0.14925373134328357,LTM Stmt: LTM_NKE_2024_Q4_0000320187-24-000044 | PeriodEnd: 2024-05-31 | Acceptance: 2024-07-25 23:16:58+03 | SharesConcept: WeightedAverageNumberOfDilutedSharesOutstanding (2024-08-31),VALIDATED
NVDA,0001045810,2024-12-31,2024-02-22 00:36:57+03,24837000000.0,1.65,Company 5Y Blume-Adjusted Beta (NVDA vs S&P 500),0.0457,"US Treasury 10Y Par Yield (2024-12-31, home.treasury.gov)",0.05,0.026470285302296837,Historical Accounting Proxy (Interest Expense / Total Debt: 2.65%),0.1199952687917677,LTM Stmt: LTM_NVDA_2024_Q4_0001045810-24-000029 | PeriodEnd: 2024-01-28 | Acceptance: 2024-02-22 00:36:57+03 | SharesConcept: WeightedAverageNumberOfDilutedSharesOutstanding (2024-10-27),VALIDATED
PEP,0000077476,2024-12-31,2024-10-09 02:59:59+03,1379000000.0,0.55,Company 5Y Blume-Adjusted Beta (PEP vs S&P 500),0.0457,"US Treasury 10Y Par Yield (2024-12-31, home.treasury.gov)",0.05,0.020742111677876585,Historical Accounting Proxy (Interest Expense / Total Debt: 2.07%),0.19314481576692374,LTM Stmt: LTM_PEP_2024_Q3_0000077476-24-000052 | PeriodEnd: 2024-09-07 | Acceptance: 2024-10-09 02:59:59+03 | SharesConcept: WeightedAverageNumberOfDilutedSharesOutstanding (2024-09-07),VALIDATED
PFE,0000078003,2024-12-31,2024-11-05 02:59:59+03,5699000000.0,0.65,Company 5Y Blume-Adjusted Beta (PFE vs S&P 500),0.0457,"US Treasury 10Y Par Yield (2024-12-31, home.treasury.gov)",0.05,0.0505298273155416,Historical Accounting Proxy (Interest Expense / Total Debt: 5.05%),0.21,LTM Stmt: LTM_PFE_2024_Q3_0000078003-24-000191 | PeriodEnd: 2024-09-29 | Acceptance: 2024-11-05 02:59:59+03 | SharesConcept: WeightedAverageNumberOfDilutedSharesOutstanding (2024-09-29),VALIDATED
PG,0000080424,2024-12-31,2024-08-05 23:16:53+03,2466000000.0,0.45,Company 5Y Blume-Adjusted Beta (PG vs S&P 500),0.0457,"US Treasury 10Y Par Yield (2024-12-31, home.treasury.gov)",0.05,0.0607,Investment Grade Credit Spread Fallback (Rf + 1.5%),0.20185491178508608,LTM Stmt: LTM_PG_2024_Q4_0000080424-24-000083 | PeriodEnd: 2024-06-30 | Acceptance: 2024-08-05 23:16:53+03 | SharesConcept: WeightedAverageNumberOfDilutedSharesOutstanding (2024-09-30),VALIDATED
SLB,0000087347,2024-12-31,2024-10-24 02:59:59+03,1441000000.0,1.25,Company 5Y Blume-Adjusted Beta (SLB vs S&P 500),0.0457,"US Treasury 10Y Par Yield (2024-12-31, home.treasury.gov)",0.05,0.04644833529892044,Historical Accounting Proxy (Interest Expense / Total Debt: 4.64%),0.19394893319342427,LTM Stmt: LTM_SLB_2024_Q3_0000950170-24-116535 | PeriodEnd: 2024-09-30 | Acceptance: 2024-10-24 02:59:59+03 | SharesConcept: WeightedAverageNumberOfDilutedSharesOutstanding (2024-09-30),VALIDATED
TMO,0000097745,2024-12-31,2024-11-02 02:59:59+03,383000000.0,0.85,Company 5Y Blume-Adjusted Beta (TMO vs S&P 500),0.0457,"US Treasury 10Y Par Yield (2024-12-31, home.treasury.gov)",0.05,0.0607,Investment Grade Credit Spread Fallback (Rf + 1.5%),0.09376828554710356,LTM Stmt: LTM_TMO_2024_Q3_0000097745-24-000046 | PeriodEnd: 2024-09-28 | Acceptance: 2024-11-02 02:59:59+03 | SharesConcept: WeightedAverageNumberOfDilutedSharesOutstanding (2024-09-28),VALIDATED
UNP,0000100885,2024-12-31,2024-10-25 02:59:59+03,609700000.0,0.9,Company 5Y Blume-Adjusted Beta (UNP vs S&P 500),0.0457,"US Treasury 10Y Par Yield (2024-12-31, home.treasury.gov)",0.05,0.0607,Investment Grade Credit Spread Fallback (Rf + 1.5%),0.23686328619064045,LTM Stmt: LTM_UNP_2024_Q3_0001437749-24-032008 | PeriodEnd: 2024-09-30 | Acceptance: 2024-10-25 02:59:59+03 | SharesConcept: WeightedAverageNumberOfDilutedSharesOutstanding (2024-09-30),VALIDATED
WMT,0000104169,2024-12-31,2024-03-15 23:54:48+03,8082000000.0,0.55,Company 5Y Blume-Adjusted Beta (WMT vs S&P 500),0.0457,"US Treasury 10Y Par Yield (2024-12-31, home.treasury.gov)",0.05,0.057075721973773974,Historical Accounting Proxy (Interest Expense / Total Debt: 5.71%),0.25530941047235445,LTM Stmt: LTM_WMT_2024_Q4_0000104169-24-000056 | PeriodEnd: 2024-01-31 | Acceptance: 2024-03-15 23:54:48+03 | SharesConcept: WeightedAverageNumberOfDilutedSharesOutstanding (2024-10-31),VALIDATED
XOM,0000034088,2024-12-31,2024-11-05 02:59:59+03,4419000000.0,0.95,Company 5Y Blume-Adjusted Beta (XOM vs S&P 500),0.0457,"US Treasury 10Y Par Yield (2024-12-31, home.treasury.gov)",0.05,0.023915288015943524,Historical Accounting Proxy (Interest Expense / Total Debt: 2.39%),0.2931468249974841,LTM Stmt: LTM_XOM_2024_Q3_0000034088-24-000068 | PeriodEnd: 2024-09-30 | Acceptance: 2024-11-05 02:59:59+03 | SharesConcept: WeightedAverageNumberOfDilutedSharesOutstanding (2013-12-31),VALIDATED
