observation_id,company_id,ticker,cik,sector,cohort,observation_date,acceptance_datetime,latest_filing_form,latest_filing_accession,financial_data_as_of,filing_data_as_of,base_fiscal_year,target_fiscal_year,has_complete_baseline,has_complete_filing,has_valid_target,created_at
panel_SLB_2022,US_SLB,SLB,0000087347,Energy,COHORT_2023,2023-01-25,2023-01-25 18:10:50+03,10-K,0001564590-23-000762,2023-01-25 18:10:50+03,2023-01-25 18:10:50+03,2022,2023,true,true,true,2026-09-09 02:13:06.557407
panel_LMT_2022,US_LMT,LMT,0000936468,Industrials,COHORT_2023,2023-01-27,2023-01-27 00:29:45+03,10-K,0000936468-23-000009,2023-01-27 00:29:45+03,2023-01-27 00:29:45+03,2022,2023,true,true,true,2026-09-09 02:13:06.561312
panel_INTC_2022,US_INTC,INTC,0000050863,Information Technology,COHORT_2023,2023-01-27,2023-01-27 02:31:20+03,10-K,0000050863-23-000006,2023-01-27 02:31:20+03,2023-01-27 02:31:20+03,2022,2023,true,true,true,2026-09-09 02:13:06.563348
panel_AMZN_2022,US_AMZN,AMZN,0001018724,Consumer Discretionary,COHORT_2023,2023-02-03,2023-02-03 02:27:34+03,10-K,0001018724-23-000004,2023-02-03 02:27:34+03,2023-02-03 02:27:34+03,2022,2023,true,true,true,2026-09-09 02:13:06.565283
panel_MMM_2022,US_MMM,MMM,0000066740,Industrials,COHORT_2023,2023-02-08,2023-02-08 20:59:49+03,10-K,0000066740-23-000014,2023-02-08 20:59:49+03,2023-02-08 20:59:49+03,2022,2023,true,true,true,2026-09-09 02:13:06.567173
panel_PEP_2022,US_PEP,PEP,0000077476,Consumer Staples,COHORT_2023,2023-02-09,2023-02-09 02:06:37+03,10-K,0000077476-23-000007,2023-02-09 02:06:37+03,2023-02-09 02:06:37+03,2022,2023,true,true,true,2026-09-09 02:13:06.569052
panel_UNP_2022,US_UNP,UNP,0000100885,Industrials,COHORT_2023,2023-02-10,2023-02-10 17:42:02+03,10-K,0001437749-23-002959,2023-02-10 17:42:02+03,2023-02-10 17:42:02+03,2022,2023,true,true,true,2026-09-09 02:13:06.570994
panel_HON_2022,US_HON,HON,0000773840,Industrials,COHORT_2023,2023-02-10,2023-02-10 22:09:31+03,10-K,0000773840-23-000013,2023-02-10 22:09:31+03,2023-02-10 22:09:31+03,2022,2023,true,false,true,2026-09-09 02:13:06.572858
panel_CAT_2022,US_CAT,CAT,0000018230,Industrials,COHORT_2023,2023-02-15,2023-02-15 18:27:56+03,10-K,0000018230-23-000011,2023-02-15 18:27:56+03,2023-02-15 18:27:56+03,2022,2023,true,true,true,2026-09-09 02:13:06.574698
panel_COP_2022,US_COP,COP,0001163165,Energy,COHORT_2023,2023-02-16,2023-02-16 20:42:43+03,10-K,0001163165-23-000006,2023-02-16 20:42:43+03,2023-02-16 20:42:43+03,2022,2023,true,true,true,2026-09-09 02:13:06.576589
panel_JNJ_2022,US_JNJ,JNJ,0000200406,Health Care,COHORT_2023,2023-02-17,2023-02-17 00:01:53+03,10-K,0000200406-23-000016,2023-02-17 00:01:53+03,2023-02-17 00:01:53+03,2022,2023,true,true,true,2026-09-09 02:13:06.578461
panel_ABT_2022,US_ABT,ABT,0000001800,Health Care,COHORT_2023,2023-02-18,2023-02-18 00:09:44+03,10-K,0001628280-23-004026,2023-02-18 00:09:44+03,2023-02-18 00:09:44+03,2022,2023,true,true,true,2026-09-09 02:13:06.580319
panel_KO_2022,US_KO,KO,0000021344,Consumer Staples,COHORT_2023,2023-02-22,2023-02-22 00:03:20+03,10-K,0000021344-23-000011,2023-02-22 00:03:20+03,2023-02-22 00:03:20+03,2022,2023,true,true,true,2026-09-09 02:13:06.582247
panel_XOM_2022,US_XOM,XOM,0000034088,Energy,COHORT_2023,2023-02-23,2023-02-23 00:37:14+03,10-K,0000034088-23-000020,2023-02-23 00:37:14+03,2023-02-23 00:37:14+03,2022,2023,true,true,true,2026-09-09 02:13:06.584115
panel_EOG_2022,US_EOG,EOG,0000821189,Energy,COHORT_2023,2023-02-24,2023-02-24 00:23:25+03,10-K,0000821189-23-000015,2023-02-24 00:23:25+03,2023-02-24 00:23:25+03,2022,2023,true,true,true,2026-09-09 02:13:06.586062
panel_PFE_2022,US_PFE,PFE,0000078003,Health Care,COHORT_2023,2023-02-23,2023-02-23 22:12:53+03,10-K,0000078003-23-000024,2023-02-23 22:12:53+03,2023-02-23 22:12:53+03,2022,2023,true,true,true,2026-09-09 02:13:06.587986
panel_TMO_2022,US_TMO,TMO,0000097745,Health Care,COHORT_2023,2023-02-23,2023-02-23 20:54:52+03,10-K,0000097745-23-000008,2023-02-23 20:54:52+03,2023-02-23 20:54:52+03,2022,2023,true,true,true,2026-09-09 02:13:06.589878
panel_CVX_2022,US_CVX,CVX,0000093410,Energy,COHORT_2023,2023-02-23,2023-02-23 19:51:02+03,10-K,0000093410-23-000009,2023-02-23 19:51:02+03,2023-02-23 19:51:02+03,2022,2023,true,true,true,2026-09-09 02:13:06.59173
panel_NVDA_2023,US_NVDA,NVDA,0001045810,Information Technology,COHORT_2023,2023-02-25,2023-02-25 01:23:43+03,10-K,0001045810-23-000017,2023-02-25 01:23:43+03,2023-02-25 01:23:43+03,2023,2024,true,true,true,2026-09-09 02:13:06.59361
panel_MCD_2022,US_MCD,MCD,0000063908,Consumer Discretionary,COHORT_2023,2023-02-24,2023-02-24 20:34:36+03,10-K,0000063908-23-000012,2023-02-24 20:34:36+03,2023-02-24 20:34:36+03,2022,2023,true,false,true,2026-09-09 02:13:06.595491
panel_HD_2022,US_HD,HD,0000354950,Consumer Discretionary,COHORT_2023,2023-03-15,2023-03-15 23:22:15+03,10-K,0000354950-23-000059,2023-03-15 23:22:15+03,2023-03-15 23:22:15+03,2022,2023,true,true,true,2026-09-09 02:13:06.59733
panel_LOW_2022,US_LOW,LOW,0000060667,Consumer Discretionary,COHORT_2023,2023-03-27,2023-03-27 23:46:36+03,10-K,0000060667-23-000034,2023-03-27 23:46:36+03,2023-03-27 23:46:36+03,2022,2023,true,true,true,2026-09-09 02:13:06.599243
panel_NKE_2023,US_NKE,NKE,0000320187,Consumer Discretionary,COHORT_2023,2023-07-20,2023-07-20 23:20:36+03,10-K,0000320187-23-000039,2023-07-20 23:20:36+03,2023-07-20 23:20:36+03,2023,2024,true,true,true,2026-09-09 02:13:06.601115
panel_MSFT_2023,US_MSFT,MSFT,0000789019,Information Technology,COHORT_2023,2023-07-27,2023-07-27 23:01:56+03,10-K,0000950170-23-035122,2023-07-27 23:01:56+03,2023-07-27 23:01:56+03,2023,2024,true,true,true,2026-09-09 02:13:06.602958
panel_PG_2023,US_PG,PG,0000080424,Consumer Staples,COHORT_2023,2023-08-04,2023-08-04 23:16:13+03,10-K,0000080424-23-000073,2023-08-04 23:16:13+03,2023-08-04 23:16:13+03,2023,2024,true,true,true,2026-09-09 02:13:06.604802
panel_CSCO_2023,US_CSCO,CSCO,0000858877,Information Technology,COHORT_2023,2023-09-07,2023-09-07 23:30:09+03,10-K,0000858877-23-000023,2023-09-07 23:30:09+03,2023-09-07 23:30:09+03,2023,2024,true,true,true,2026-09-09 02:13:06.606628
panel_COST_2023,US_COST,COST,0000909832,Consumer Staples,COHORT_2023,2023-10-11,2023-10-11 02:13:15+03,10-K,0000909832-23-000042,2023-10-11 02:13:15+03,2023-10-11 02:13:15+03,2023,2024,true,true,true,2026-09-09 02:13:06.608511
panel_AAPL_2023,US_AAPL,AAPL,0000320193,Information Technology,COHORT_2023,2023-11-03,2023-11-03 01:08:27+03,10-K,0000320193-23-000106,2023-11-03 01:08:27+03,2023-11-03 01:08:27+03,2023,2024,true,true,true,2026-09-09 02:13:06.610338
panel_LMT_2023,US_LMT,LMT,0000936468,Industrials,COHORT_2024,2024-01-24,2024-01-24 00:17:08+03,10-K,0000936468-24-000010,2024-01-24 00:17:08+03,2024-01-24 00:17:08+03,2023,2024,true,true,true,2026-09-09 02:13:06.61219
panel_SLB_2023,US_SLB,SLB,0000087347,Energy,COHORT_2024,2024-01-24,2024-01-24 20:15:58+03,10-K,0000950170-24-006884,2024-01-24 20:15:58+03,2024-01-24 20:15:58+03,2023,2024,true,true,true,2026-09-09 02:13:06.614069
panel_INTC_2023,US_INTC,INTC,0000050863,Information Technology,COHORT_2024,2024-01-26,2024-01-26 02:38:16+03,10-K,0000050863-24-000010,2024-01-26 02:38:16+03,2024-01-26 02:38:16+03,2023,2024,true,true,true,2026-09-09 02:13:06.615866
panel_AMZN_2023,US_AMZN,AMZN,0001018724,Consumer Discretionary,COHORT_2024,2024-02-02,2024-02-02 02:48:30+03,10-K,0001018724-24-000008,2024-02-02 02:48:30+03,2024-02-02 02:48:30+03,2023,2024,true,true,true,2026-09-09 02:13:06.617726
panel_MMM_2023,US_MMM,MMM,0000066740,Industrials,COHORT_2024,2024-02-07,2024-02-07 17:25:16+03,10-K,0000066740-24-000016,2024-02-07 17:25:16+03,2024-02-07 17:25:16+03,2023,2024,true,true,true,2026-09-09 02:13:06.619613
panel_PEP_2023,US_PEP,PEP,0000077476,Consumer Staples,COHORT_2024,2024-02-09,2024-02-09 01:58:51+03,10-K,0000077476-24-000008,2024-02-09 01:58:51+03,2024-02-09 01:58:51+03,2023,2024,true,true,true,2026-09-09 02:13:06.621467
panel_UNP_2023,US_UNP,UNP,0000100885,Industrials,COHORT_2024,2024-02-09,2024-02-09 21:56:24+03,10-K,0001437749-24-003599,2024-02-09 21:56:24+03,2024-02-09 21:56:24+03,2023,2024,true,true,true,2026-09-09 02:13:06.623441
panel_COP_2023,US_COP,COP,0001163165,Energy,COHORT_2024,2024-02-15,2024-02-15 22:01:15+03,10-K,0001163165-24-000010,2024-02-15 22:01:15+03,2024-02-15 22:01:15+03,2023,2024,true,true,true,2026-09-09 02:13:06.625347
panel_HON_2023,US_HON,HON,0000773840,Industrials,COHORT_2024,2024-02-16,2024-02-16 21:40:36+03,10-K,0000773840-24-000014,2024-02-16 21:40:36+03,2024-02-16 21:40:36+03,2023,2024,true,false,true,2026-09-09 02:13:06.627196
panel_ABT_2023,US_ABT,ABT,0000001800,Health Care,COHORT_2024,2024-02-17,2024-02-17 00:15:58+03,10-K,0001628280-24-005348,2024-02-17 00:15:58+03,2024-02-17 00:15:58+03,2023,2024,true,true,true,2026-09-09 02:13:06.629066
panel_CAT_2023,US_CAT,CAT,0000018230,Industrials,COHORT_2024,2024-02-16,2024-02-16 18:05:13+03,10-K,0000018230-24-000009,2024-02-16 18:05:13+03,2024-02-16 18:05:13+03,2023,2024,true,true,true,2026-09-09 02:13:06.630877
panel_JNJ_2023,US_JNJ,JNJ,0000200406,Health Care,COHORT_2024,2024-02-17,2024-02-17 00:12:22+03,10-K,0000200406-24-000013,2024-02-17 00:12:22+03,2024-02-17 00:12:22+03,2023,2024,true,true,true,2026-09-09 02:13:06.632734
panel_KO_2023,US_KO,KO,0000021344,Consumer Staples,COHORT_2024,2024-02-20,2024-02-20 21:21:24+03,10-K,0000021344-24-000009,2024-02-20 21:21:24+03,2024-02-20 21:21:24+03,2023,2024,true,true,true,2026-09-09 02:13:06.63456
panel_NVDA_2024,US_NVDA,NVDA,0001045810,Information Technology,COHORT_2024,2024-02-22,2024-02-22 00:36:57+03,10-K,0001045810-24-000029,2024-02-22 00:36:57+03,2024-02-22 00:36:57+03,2024,2025,true,true,false,2026-09-09 02:13:06.636398
panel_TMO_2023,US_TMO,TMO,0000097745,Health Care,COHORT_2024,2024-02-22,2024-02-22 21:06:42+03,10-K,0000097745-24-000007,2024-02-22 21:06:42+03,2024-02-22 21:06:42+03,2023,2024,true,true,true,2026-09-09 02:13:06.63826
panel_PFE_2023,US_PFE,PFE,0000078003,Health Care,COHORT_2024,2024-02-22,2024-02-22 21:17:37+03,10-K,0000078003-24-000039,2024-02-22 21:17:37+03,2024-02-22 21:17:37+03,2023,2024,true,true,true,2026-09-09 02:13:06.640294
panel_MCD_2023,US_MCD,MCD,0000063908,Consumer Discretionary,COHORT_2024,2024-02-22,2024-02-22 20:31:15+03,10-K,0000063908-24-000072,2024-02-22 20:31:15+03,2024-02-22 20:31:15+03,2023,2024,true,false,true,2026-09-09 02:13:06.642407
panel_EOG_2023,US_EOG,EOG,0000821189,Energy,COHORT_2024,2024-02-23,2024-02-23 00:43:31+03,10-K,0000821189-24-000011,2024-02-23 00:43:31+03,2024-02-23 00:43:31+03,2023,2024,true,true,true,2026-09-09 02:13:06.644268
panel_MRK_2023,US_MRK,MRK,0000310158,Health Care,COHORT_2024,2024-02-27,2024-02-27 00:06:55+03,10-K,0001628280-24-006850,2024-02-27 00:06:55+03,2024-02-27 00:06:55+03,2023,2024,true,true,true,2026-09-09 02:13:06.646134
panel_CVX_2023,US_CVX,CVX,0000093410,Energy,COHORT_2024,2024-02-27,2024-02-27 00:07:14+03,10-K,0000093410-24-000013,2024-02-27 00:07:14+03,2024-02-27 00:07:14+03,2023,2024,true,true,true,2026-09-09 02:13:06.647987
panel_XOM_2023,US_XOM,XOM,0000034088,Energy,COHORT_2024,2024-02-29,2024-02-29 00:37:18+03,10-K,0000034088-24-000018,2024-02-29 00:37:18+03,2024-02-29 00:37:18+03,2023,2024,true,true,true,2026-09-09 02:13:06.649952
panel_HD_2023,US_HD,HD,0000354950,Consumer Discretionary,COHORT_2024,2024-03-13,2024-03-13 23:31:59+03,10-K,0000354950-24-000062,2024-03-13 23:31:59+03,2024-03-13 23:31:59+03,2023,2024,true,true,true,2026-09-09 02:13:06.651924
panel_WMT_2024,US_WMT,WMT,0000104169,Consumer Staples,COHORT_2024,2024-03-15,2024-03-15 23:54:48+03,10-K,0000104169-24-000056,2024-03-15 23:54:48+03,2024-03-15 23:54:48+03,2024,2025,true,true,false,2026-09-09 02:13:06.653895
panel_LOW_2023,US_LOW,LOW,0000060667,Consumer Discretionary,COHORT_2024,2024-03-25,2024-03-25 23:18:34+03,10-K,0000060667-24-000033,2024-03-25 23:18:34+03,2024-03-25 23:18:34+03,2023,2024,true,true,true,2026-09-09 02:13:06.655797
panel_NKE_2024,US_NKE,NKE,0000320187,Consumer Discretionary,COHORT_2024,2024-07-25,2024-07-25 23:16:58+03,10-K,0000320187-24-000044,2024-07-25 23:16:58+03,2024-07-25 23:16:58+03,2024,2025,true,true,false,2026-09-09 02:13:06.657732
panel_MSFT_2024,US_MSFT,MSFT,0000789019,Information Technology,COHORT_2024,2024-07-30,2024-07-30 23:06:22+03,10-K,0000950170-24-087843,2024-07-30 23:06:22+03,2024-07-30 23:06:22+03,2024,2025,true,true,false,2026-09-09 02:13:06.65966
panel_PG_2024,US_PG,PG,0000080424,Consumer Staples,COHORT_2024,2024-08-05,2024-08-05 23:16:53+03,10-K,0000080424-24-000083,2024-08-05 23:16:53+03,2024-08-05 23:16:53+03,2024,2025,true,true,false,2026-09-09 02:13:06.661593
panel_CSCO_2024,US_CSCO,CSCO,0000858877,Information Technology,COHORT_2024,2024-09-05,2024-09-05 23:41:20+03,10-K,0000858877-24-000017,2024-09-05 23:41:20+03,2024-09-05 23:41:20+03,2024,2025,true,true,false,2026-09-09 02:13:06.66354
panel_COST_2024,US_COST,COST,0000909832,Consumer Staples,COHORT_2024,2024-10-09,2024-10-09 01:40:07+03,10-K,0000909832-24-000049,2024-10-09 01:40:07+03,2024-10-09 01:40:07+03,2024,2025,true,true,false,2026-09-09 02:13:06.665497
panel_AAPL_2024,US_AAPL,AAPL,0000320193,Information Technology,COHORT_2024,2024-11-01,2024-11-01 23:59:59,10-K,0000320193-24-000123,2024-11-01 23:59:59,2024-11-01 23:59:59,2024,2025,true,true,false,2026-09-09 02:13:06.667435
