observation_id,ticker,feature_group,feature_name,feature_value
panel_SLB_2022,SLB,BASELINE,revenue_growth_yoy,0.22512974835361332
panel_SLB_2022,SLB,BASELINE,ebit_margin,0.1783845359723755
panel_SLB_2022,SLB,BASELINE,gross_margin,0.0
panel_SLB_2022,SLB,BASELINE,roic,0.1392197790288513
panel_SLB_2022,SLB,BASELINE,fcf_margin,0.07482823680182264
panel_SLB_2022,SLB,BASELINE,net_debt_to_revenue,0.31821579865437327
panel_SLB_2022,SLB,BASELINE,owc_to_revenue,0.06799330746502438
panel_SLB_2022,SLB,BASELINE,asset_turnover,0.6512344963486728
panel_SLB_2022,SLB,BASELINE,beta,1.25
panel_SLB_2022,SLB,BASELINE,wacc,0.085
panel_SLB_2022,SLB,FILING,margin_pressure_score,0.230486875
panel_SLB_2022,SLB,FILING,supply_chain_risk_score,0.0
panel_SLB_2022,SLB,FILING,regulatory_risk_score,0.10073250000000002
panel_SLB_2022,SLB,FILING,litigation_risk_score,0.10890000000000001
panel_SLB_2022,SLB,FILING,demand_uncertainty_score,0.0
panel_SLB_2022,SLB,FILING,competitive_pressure_score,0.61975
panel_SLB_2022,SLB,FILING,liquidity_risk_score,0.21286650000000001
panel_SLB_2022,SLB,FILING,strategic_change_score,0.09801000000000001
panel_SLB_2022,SLB,FILING,material_business_change_score,0.30911187500000004
panel_SLB_2022,SLB,FILING,guidance_direction_score,0.20835625000000002
panel_SLB_2022,SLB,FILING,capital_allocation_change_score,0.30525
panel_SLB_2022,SLB,FILING,management_outlook_score,0.152625
panel_SLB_2022,SLB,FILING,total_risk_claims,6.0
panel_SLB_2022,SLB,FILING,high_materiality_risk_count,3.0
panel_SLB_2022,SLB,FILING,escalated_risk_count,0.0
panel_SLB_2022,SLB,FILING,net_qualitative_sentiment,0.11538461538461539
panel_LMT_2022,LMT,BASELINE,revenue_growth_yoy,-0.01581051249925422
panel_LMT_2022,LMT,BASELINE,ebit_margin,0.12651551891367604
panel_LMT_2022,LMT,BASELINE,gross_margin,0.12559105237633367
panel_LMT_2022,LMT,BASELINE,roic,0.21117549106262581
panel_LMT_2022,LMT,BASELINE,fcf_margin,0.09293161978661493
panel_LMT_2022,LMT,BASELINE,net_debt_to_revenue,0.19701745877788554
panel_LMT_2022,LMT,BASELINE,owc_to_revenue,0.052679437439379244
panel_LMT_2022,LMT,BASELINE,asset_turnover,1.2478063540090771
panel_LMT_2022,LMT,BASELINE,beta,0.65
panel_LMT_2022,LMT,BASELINE,wacc,0.085
panel_LMT_2022,LMT,FILING,margin_pressure_score,0.25643312500000004
panel_LMT_2022,LMT,FILING,supply_chain_risk_score,0.10073250000000002
panel_LMT_2022,LMT,FILING,regulatory_risk_score,0.489995625
panel_LMT_2022,LMT,FILING,litigation_risk_score,0.28161625000000007
panel_LMT_2022,LMT,FILING,demand_uncertainty_score,0.18112712500000003
panel_LMT_2022,LMT,FILING,competitive_pressure_score,0.10073250000000002
panel_LMT_2022,LMT,FILING,liquidity_risk_score,0.158024625
panel_LMT_2022,LMT,FILING,strategic_change_score,0.43750500000000003
panel_LMT_2022,LMT,FILING,material_business_change_score,0.25488375
panel_LMT_2022,LMT,FILING,guidance_direction_score,0.0
panel_LMT_2022,LMT,FILING,capital_allocation_change_score,0.0763125
panel_LMT_2022,LMT,FILING,management_outlook_score,-0.61975
panel_LMT_2022,LMT,FILING,total_risk_claims,11.0
panel_LMT_2022,LMT,FILING,high_materiality_risk_count,5.0
panel_LMT_2022,LMT,FILING,escalated_risk_count,2.0
panel_LMT_2022,LMT,FILING,net_qualitative_sentiment,-0.13333333333333333
panel_INTC_2022,INTC,BASELINE,revenue_growth_yoy,-0.20209050415063778
panel_INTC_2022,INTC,BASELINE,ebit_margin,0.03701589114092683
panel_INTC_2022,INTC,BASELINE,gross_margin,0.426079233672725
panel_INTC_2022,INTC,BASELINE,roic,0.01317348670227017
panel_INTC_2022,INTC,BASELINE,fcf_margin,-0.14925302121990675
panel_INTC_2022,INTC,BASELINE,net_debt_to_revenue,0.42761759761474294
panel_INTC_2022,INTC,BASELINE,owc_to_revenue,0.12310083420560154
panel_INTC_2022,INTC,BASELINE,asset_turnover,0.3462545921813479
panel_INTC_2022,INTC,BASELINE,beta,1.15
panel_INTC_2022,INTC,BASELINE,wacc,0.085
panel_INTC_2022,INTC,FILING,margin_pressure_score,0.0
panel_INTC_2022,INTC,FILING,supply_chain_risk_score,0.0
panel_INTC_2022,INTC,FILING,regulatory_risk_score,0.0
panel_INTC_2022,INTC,FILING,litigation_risk_score,0.10073250000000002
panel_INTC_2022,INTC,FILING,demand_uncertainty_score,0.0
panel_INTC_2022,INTC,FILING,competitive_pressure_score,0.0
panel_INTC_2022,INTC,FILING,liquidity_risk_score,0.30525
panel_INTC_2022,INTC,FILING,strategic_change_score,0.0
panel_INTC_2022,INTC,FILING,material_business_change_score,0.0
panel_INTC_2022,INTC,FILING,guidance_direction_score,0.0
panel_INTC_2022,INTC,FILING,capital_allocation_change_score,0.0
panel_INTC_2022,INTC,FILING,management_outlook_score,0.0
panel_INTC_2022,INTC,FILING,total_risk_claims,2.0
panel_INTC_2022,INTC,FILING,high_materiality_risk_count,1.0
panel_INTC_2022,INTC,FILING,escalated_risk_count,0.0
panel_INTC_2022,INTC,FILING,net_qualitative_sentiment,-1.0
panel_AMZN_2022,AMZN,BASELINE,revenue_growth_yoy,0.09399517263985084
panel_AMZN_2022,AMZN,BASELINE,ebit_margin,0.023829581912242232
panel_AMZN_2022,AMZN,BASELINE,gross_margin,0.43805339865326287
panel_AMZN_2022,AMZN,BASELINE,roic,0.03870778302500065
panel_AMZN_2022,AMZN,BASELINE,fcf_margin,-0.032866845790619534
panel_AMZN_2022,AMZN,BASELINE,net_debt_to_revenue,0.03163723313806099
panel_AMZN_2022,AMZN,BASELINE,owc_to_revenue,-0.005515746629752346
panel_AMZN_2022,AMZN,BASELINE,asset_turnover,1.1108942562273734
panel_AMZN_2022,AMZN,BASELINE,beta,1.25
panel_AMZN_2022,AMZN,BASELINE,wacc,0.085
panel_AMZN_2022,AMZN,FILING,margin_pressure_score,0.10890000000000001
panel_AMZN_2022,AMZN,FILING,supply_chain_risk_score,0.24543737500000004
panel_AMZN_2022,AMZN,FILING,regulatory_risk_score,0.18981625000000002
panel_AMZN_2022,AMZN,FILING,litigation_risk_score,0.47572216666666667
panel_AMZN_2022,AMZN,FILING,demand_uncertainty_score,0.240474625
panel_AMZN_2022,AMZN,FILING,competitive_pressure_score,0.10195762500000002
panel_AMZN_2022,AMZN,FILING,liquidity_risk_score,0.340283125
panel_AMZN_2022,AMZN,FILING,strategic_change_score,0.17935750000000003
panel_AMZN_2022,AMZN,FILING,material_business_change_score,0.30525
panel_AMZN_2022,AMZN,FILING,guidance_direction_score,-0.069375
panel_AMZN_2022,AMZN,FILING,capital_allocation_change_score,0.070345
panel_AMZN_2022,AMZN,FILING,management_outlook_score,-0.165
panel_AMZN_2022,AMZN,FILING,total_risk_claims,16.0
panel_AMZN_2022,AMZN,FILING,high_materiality_risk_count,3.0
panel_AMZN_2022,AMZN,FILING,escalated_risk_count,2.0
panel_AMZN_2022,AMZN,FILING,net_qualitative_sentiment,-0.21052631578947367
panel_MMM_2022,MMM,BASELINE,revenue_growth_yoy,-0.03184839485221327
panel_MMM_2022,MMM,BASELINE,ebit_margin,0.1910368401063426
panel_MMM_2022,MMM,BASELINE,gross_margin,0.4381372520377458
panel_MMM_2022,MMM,BASELINE,roic,0.15122958469308406
panel_MMM_2022,MMM,BASELINE,fcf_margin,0.11224400362265916
panel_MMM_2022,MMM,BASELINE,net_debt_to_revenue,0.46565777557042276
panel_MMM_2022,MMM,BASELINE,owc_to_revenue,0.19635396885681733
panel_MMM_2022,MMM,BASELINE,asset_turnover,0.7368205790549994
panel_MMM_2022,MMM,BASELINE,beta,0.95
panel_MMM_2022,MMM,BASELINE,wacc,0.085
panel_MMM_2022,MMM,FILING,margin_pressure_score,0.33
panel_MMM_2022,MMM,FILING,supply_chain_risk_score,0.36024125
panel_MMM_2022,MMM,FILING,regulatory_risk_score,0.09937125000000001
panel_MMM_2022,MMM,FILING,litigation_risk_score,0.23252875000000003
panel_MMM_2022,MMM,FILING,demand_uncertainty_score,0.20857075000000005
panel_MMM_2022,MMM,FILING,competitive_pressure_score,0.10073250000000002
panel_MMM_2022,MMM,FILING,liquidity_risk_score,0.292730125
panel_MMM_2022,MMM,FILING,strategic_change_score,0.43886625000000007
panel_MMM_2022,MMM,FILING,material_business_change_score,0.5128662500000001
panel_MMM_2022,MMM,FILING,guidance_direction_score,0.0724375
panel_MMM_2022,MMM,FILING,capital_allocation_change_score,-0.0763125
panel_MMM_2022,MMM,FILING,management_outlook_score,-0.61975
panel_MMM_2022,MMM,FILING,total_risk_claims,19.0
panel_MMM_2022,MMM,FILING,high_materiality_risk_count,7.0
panel_MMM_2022,MMM,FILING,escalated_risk_count,2.0
panel_MMM_2022,MMM,FILING,net_qualitative_sentiment,-0.2558139534883721
panel_PEP_2022,PEP,BASELINE,revenue_growth_yoy,0.08704733623575006
panel_PEP_2022,PEP,BASELINE,ebit_margin,0.13325307898879526
panel_PEP_2022,PEP,BASELINE,gross_margin,0.5303268821187147
panel_PEP_2022,PEP,BASELINE,roic,0.1499997596267849
panel_PEP_2022,PEP,BASELINE,fcf_margin,0.0648671173256783
panel_PEP_2022,PEP,BASELINE,net_debt_to_revenue,0.3949092508565608
panel_PEP_2022,PEP,BASELINE,owc_to_revenue,-0.06377905361607557
panel_PEP_2022,PEP,BASELINE,asset_turnover,0.9371386421078894
panel_PEP_2022,PEP,BASELINE,beta,0.55
panel_PEP_2022,PEP,BASELINE,wacc,0.085
panel_PEP_2022,PEP,FILING,margin_pressure_score,0.0
panel_PEP_2022,PEP,FILING,supply_chain_risk_score,0.29149433333333336
panel_PEP_2022,PEP,FILING,regulatory_risk_score,0.10345500000000002
panel_PEP_2022,PEP,FILING,litigation_risk_score,0.24794987500000004
panel_PEP_2022,PEP,FILING,demand_uncertainty_score,0.10563300000000002
panel_PEP_2022,PEP,FILING,competitive_pressure_score,0.61975
panel_PEP_2022,PEP,FILING,liquidity_risk_score,0.28705533333333333
panel_PEP_2022,PEP,FILING,strategic_change_score,0.10073250000000002
panel_PEP_2022,PEP,FILING,material_business_change_score,0.151861875
panel_PEP_2022,PEP,FILING,guidance_direction_score,0.05341875
panel_PEP_2022,PEP,FILING,capital_allocation_change_score,-0.030525
panel_PEP_2022,PEP,FILING,management_outlook_score,0.0
panel_PEP_2022,PEP,FILING,total_risk_claims,13.0
panel_PEP_2022,PEP,FILING,high_materiality_risk_count,1.0
panel_PEP_2022,PEP,FILING,escalated_risk_count,2.0
panel_PEP_2022,PEP,FILING,net_qualitative_sentiment,-0.2727272727272727
panel_UNP_2022,UNP,BASELINE,revenue_growth_yoy,0.14084571638231516
panel_UNP_2022,UNP,BASELINE,ebit_margin,0.3986733668341709
panel_UNP_2022,UNP,BASELINE,gross_margin,0.0
panel_UNP_2022,UNP,BASELINE,roic,0.1314661812104033
panel_UNP_2022,UNP,BASELINE,fcf_margin,0.23083417085427135
panel_UNP_2022,UNP,BASELINE,net_debt_to_revenue,1.3086633165829147
panel_UNP_2022,UNP,BASELINE,owc_to_revenue,0.04450251256281407
panel_UNP_2022,UNP,BASELINE,asset_turnover,0.3800669223364757
panel_UNP_2022,UNP,BASELINE,beta,0.9
panel_UNP_2022,UNP,BASELINE,wacc,0.085
panel_UNP_2022,UNP,FILING,margin_pressure_score,0.10073250000000002
panel_UNP_2022,UNP,FILING,supply_chain_risk_score,0.15186187500000004
panel_UNP_2022,UNP,FILING,regulatory_risk_score,0.22912562500000003
panel_UNP_2022,UNP,FILING,litigation_risk_score,0.33125412500000007
panel_UNP_2022,UNP,FILING,demand_uncertainty_score,0.3216995
panel_UNP_2022,UNP,FILING,competitive_pressure_score,0.28378833333333336
panel_UNP_2022,UNP,FILING,liquidity_risk_score,0.6499
panel_UNP_2022,UNP,FILING,strategic_change_score,0.61975
panel_UNP_2022,UNP,FILING,material_business_change_score,0.0
panel_UNP_2022,UNP,FILING,guidance_direction_score,0.0825
panel_UNP_2022,UNP,FILING,capital_allocation_change_score,-0.0487575
panel_UNP_2022,UNP,FILING,management_outlook_score,-0.335
panel_UNP_2022,UNP,FILING,total_risk_claims,11.0
panel_UNP_2022,UNP,FILING,high_materiality_risk_count,2.0
panel_UNP_2022,UNP,FILING,escalated_risk_count,0.0
panel_UNP_2022,UNP,FILING,net_qualitative_sentiment,-0.09090909090909091
panel_HON_2022,HON,BASELINE,revenue_growth_yoy,0.0
panel_HON_2022,HON,BASELINE,ebit_margin,0.17986240342863588
panel_HON_2022,HON,BASELINE,gross_margin,0.328229853944623
panel_HON_2022,HON,BASELINE,roic,0.14020379936206848
panel_HON_2022,HON,BASELINE,fcf_margin,0.12710765239948119
panel_HON_2022,HON,BASELINE,net_debt_to_revenue,0.2803530141544014
panel_HON_2022,HON,BASELINE,owc_to_revenue,0.18747532848361811
panel_HON_2022,HON,BASELINE,asset_turnover,0.5695062224006423
panel_HON_2022,HON,BASELINE,beta,1.0
panel_HON_2022,HON,BASELINE,wacc,0.085
panel_HON_2022,HON,FILING,margin_pressure_score,0.0
panel_HON_2022,HON,FILING,supply_chain_risk_score,0.0
panel_HON_2022,HON,FILING,regulatory_risk_score,0.0
panel_HON_2022,HON,FILING,litigation_risk_score,0.0
panel_HON_2022,HON,FILING,demand_uncertainty_score,0.0
panel_HON_2022,HON,FILING,competitive_pressure_score,0.0
panel_HON_2022,HON,FILING,liquidity_risk_score,0.0
panel_HON_2022,HON,FILING,strategic_change_score,0.0
panel_HON_2022,HON,FILING,material_business_change_score,0.0
panel_HON_2022,HON,FILING,guidance_direction_score,0.0
panel_HON_2022,HON,FILING,capital_allocation_change_score,0.0
panel_HON_2022,HON,FILING,management_outlook_score,0.0
panel_HON_2022,HON,FILING,total_risk_claims,0.0
panel_HON_2022,HON,FILING,high_materiality_risk_count,0.0
panel_HON_2022,HON,FILING,escalated_risk_count,0.0
panel_HON_2022,HON,FILING,net_qualitative_sentiment,0.0
panel_CAT_2022,CAT,BASELINE,revenue_growth_yoy,0.16589825587098547
panel_CAT_2022,CAT,BASELINE,ebit_margin,0.13300351691991855
panel_CAT_2022,CAT,BASELINE,gross_margin,0.30418833190300704
panel_CAT_2022,CAT,BASELINE,roic,0.12263284043810847
panel_CAT_2022,CAT,BASELINE,fcf_margin,0.1088730711629394
panel_CAT_2022,CAT,BASELINE,net_debt_to_revenue,0.4150806872297104
panel_CAT_2022,CAT,BASELINE,owc_to_revenue,0.27659144833156646
panel_CAT_2022,CAT,BASELINE,asset_turnover,0.7252236310606153
panel_CAT_2022,CAT,BASELINE,beta,1.15
panel_CAT_2022,CAT,BASELINE,wacc,0.085
panel_CAT_2022,CAT,FILING,margin_pressure_score,0.10073250000000002
panel_CAT_2022,CAT,FILING,supply_chain_risk_score,0.48999562500000005
panel_CAT_2022,CAT,FILING,regulatory_risk_score,0.0989175
panel_CAT_2022,CAT,FILING,litigation_risk_score,0.23416225000000002
panel_CAT_2022,CAT,FILING,demand_uncertainty_score,0.230486875
panel_CAT_2022,CAT,FILING,competitive_pressure_score,0.230486875
panel_CAT_2022,CAT,FILING,liquidity_risk_score,0.489995625
panel_CAT_2022,CAT,FILING,strategic_change_score,0.17799625000000002
panel_CAT_2022,CAT,FILING,material_business_change_score,0.20350000000000001
panel_CAT_2022,CAT,FILING,guidance_direction_score,0.0
panel_CAT_2022,CAT,FILING,capital_allocation_change_score,0.0812625
panel_CAT_2022,CAT,FILING,management_outlook_score,-0.61975
panel_CAT_2022,CAT,FILING,total_risk_claims,5.0
panel_CAT_2022,CAT,FILING,high_materiality_risk_count,3.0
panel_CAT_2022,CAT,FILING,escalated_risk_count,1.0
panel_CAT_2022,CAT,FILING,net_qualitative_sentiment,-0.07317073170731707
panel_COP_2022,COP,BASELINE,revenue_growth_yoy,0.3321331936807192
panel_COP_2022,COP,BASELINE,ebit_margin,0.46238267621091256
panel_COP_2022,COP,BASELINE,gross_margin,0.44354534881816243
panel_COP_2022,COP,BASELINE,roic,0.2494774729053842
panel_COP_2022,COP,BASELINE,fcf_margin,0.2973840685351111
panel_COP_2022,COP,BASELINE,net_debt_to_revenue,0.16683319956100837
panel_COP_2022,COP,BASELINE,owc_to_revenue,-0.08016511326966863
panel_COP_2022,COP,BASELINE,asset_turnover,0.650641059800275
panel_COP_2022,COP,BASELINE,beta,1.15
panel_COP_2022,COP,BASELINE,wacc,0.085
panel_COP_2022,COP,FILING,margin_pressure_score,0.0
panel_COP_2022,COP,FILING,supply_chain_risk_score,0.10073250000000002
panel_COP_2022,COP,FILING,regulatory_risk_score,0.25798250000000006
panel_COP_2022,COP,FILING,litigation_risk_score,0.243049375
panel_COP_2022,COP,FILING,demand_uncertainty_score,0.27265825
panel_COP_2022,COP,FILING,competitive_pressure_score,0.30525
panel_COP_2022,COP,FILING,liquidity_risk_score,0.20299125
panel_COP_2022,COP,FILING,strategic_change_score,0.15924975
panel_COP_2022,COP,FILING,material_business_change_score,0.36024125
panel_COP_2022,COP,FILING,guidance_direction_score,0.0825
panel_COP_2022,COP,FILING,capital_allocation_change_score,0.0
panel_COP_2022,COP,FILING,management_outlook_score,0.0
panel_COP_2022,COP,FILING,total_risk_claims,9.0
panel_COP_2022,COP,FILING,high_materiality_risk_count,9.0
panel_COP_2022,COP,FILING,escalated_risk_count,0.0
panel_COP_2022,COP,FILING,net_qualitative_sentiment,-0.16216216216216217
panel_JNJ_2022,JNJ,BASELINE,revenue_growth_yoy,0.012455345241268996
panel_JNJ_2022,JNJ,BASELINE,ebit_margin,0.22882150342837282
panel_JNJ_2022,JNJ,BASELINE,gross_margin,0.6725508989604289
panel_JNJ_2022,JNJ,BASELINE,roic,0.14739808409602523
panel_JNJ_2022,JNJ,BASELINE,fcf_margin,0.1810033388454125
panel_JNJ_2022,JNJ,BASELINE,net_debt_to_revenue,0.1507430774254026
panel_JNJ_2022,JNJ,BASELINE,owc_to_revenue,0.17842284317959198
panel_JNJ_2022,JNJ,BASELINE,asset_turnover,0.5066923544919895
panel_JNJ_2022,JNJ,BASELINE,beta,0.6
panel_JNJ_2022,JNJ,BASELINE,wacc,0.085
panel_JNJ_2022,JNJ,FILING,margin_pressure_score,0.20451750000000002
panel_JNJ_2022,JNJ,FILING,supply_chain_risk_score,0.245437375
panel_JNJ_2022,JNJ,FILING,regulatory_risk_score,0.15186187500000004
panel_JNJ_2022,JNJ,FILING,litigation_risk_score,0.23266487500000002
panel_JNJ_2022,JNJ,FILING,demand_uncertainty_score,0.3777665
panel_JNJ_2022,JNJ,FILING,competitive_pressure_score,0.238024375
panel_JNJ_2022,JNJ,FILING,liquidity_risk_score,0.634825
panel_JNJ_2022,JNJ,FILING,strategic_change_score,0.0
panel_JNJ_2022,JNJ,FILING,material_business_change_score,0.0
panel_JNJ_2022,JNJ,FILING,guidance_direction_score,-0.152625
panel_JNJ_2022,JNJ,FILING,capital_allocation_change_score,0.0
panel_JNJ_2022,JNJ,FILING,management_outlook_score,0.0
panel_JNJ_2022,JNJ,FILING,total_risk_claims,11.0
panel_JNJ_2022,JNJ,FILING,high_materiality_risk_count,1.0
panel_JNJ_2022,JNJ,FILING,escalated_risk_count,1.0
panel_JNJ_2022,JNJ,FILING,net_qualitative_sentiment,-0.32
panel_ABT_2022,ABT,BASELINE,revenue_growth_yoy,0.013418456181079513
panel_ABT_2022,ABT,BASELINE,ebit_margin,0.19155613588985865
panel_ABT_2022,ABT,BASELINE,gross_margin,0.5614963461846838
panel_ABT_2022,ABT,BASELINE,roic,0.13375767654159523
panel_ABT_2022,ABT,BASELINE,fcf_margin,0.1787735092662589
panel_ABT_2022,ABT,BASELINE,net_debt_to_revenue,0.15785856642155177
panel_ABT_2022,ABT,BASELINE,owc_to_revenue,0.283852198016173
panel_ABT_2022,ABT,BASELINE,asset_turnover,0.58643434804804
panel_ABT_2022,ABT,BASELINE,beta,0.75
panel_ABT_2022,ABT,BASELINE,wacc,0.085
panel_ABT_2022,ABT,FILING,margin_pressure_score,0.162958125
panel_ABT_2022,ABT,FILING,supply_chain_risk_score,0.489995625
panel_ABT_2022,ABT,FILING,regulatory_risk_score,0.22776437500000002
panel_ABT_2022,ABT,FILING,litigation_risk_score,0.5045999999999999
panel_ABT_2022,ABT,FILING,demand_uncertainty_score,0.25970012500000006
panel_ABT_2022,ABT,FILING,competitive_pressure_score,0.17935750000000003
panel_ABT_2022,ABT,FILING,liquidity_risk_score,0.0
panel_ABT_2022,ABT,FILING,strategic_change_score,0.28915375
panel_ABT_2022,ABT,FILING,material_business_change_score,0.20299125
panel_ABT_2022,ABT,FILING,guidance_direction_score,-0.14875
panel_ABT_2022,ABT,FILING,capital_allocation_change_score,0.15757500000000002
panel_ABT_2022,ABT,FILING,management_outlook_score,0.0
panel_ABT_2022,ABT,FILING,total_risk_claims,12.0
panel_ABT_2022,ABT,FILING,high_materiality_risk_count,5.0
panel_ABT_2022,ABT,FILING,escalated_risk_count,1.0
panel_ABT_2022,ABT,FILING,net_qualitative_sentiment,-0.1
panel_KO_2022,KO,BASELINE,revenue_growth_yoy,0.11250808433579097
panel_KO_2022,KO,BASELINE,ebit_margin,0.2536740768300623
panel_KO_2022,KO,BASELINE,gross_margin,0.5814342851827737
panel_KO_2022,KO,BASELINE,roic,0.13748010744501565
panel_KO_2022,KO,BASELINE,fcf_margin,0.22170030694819087
panel_KO_2022,KO,BASELINE,net_debt_to_revenue,0.6338247604873966
panel_KO_2022,KO,BASELINE,owc_to_revenue,-0.1867035624593061
panel_KO_2022,KO,BASELINE,asset_turnover,0.46359000894753294
panel_KO_2022,KO,BASELINE,beta,0.6
panel_KO_2022,KO,BASELINE,wacc,0.085
panel_KO_2022,KO,FILING,margin_pressure_score,0.10277437500000002
panel_KO_2022,KO,FILING,supply_chain_risk_score,0.10236600000000001
panel_KO_2022,KO,FILING,regulatory_risk_score,0.33274562500000004
panel_KO_2022,KO,FILING,litigation_risk_score,0.243049375
panel_KO_2022,KO,FILING,demand_uncertainty_score,0.2582547500000001
panel_KO_2022,KO,FILING,competitive_pressure_score,0.09937125000000002
panel_KO_2022,KO,FILING,liquidity_risk_score,0.12912900000000002
panel_KO_2022,KO,FILING,strategic_change_score,0.10195762500000001
panel_KO_2022,KO,FILING,material_business_change_score,0.35888000000000003
panel_KO_2022,KO,FILING,guidance_direction_score,-0.0763125
panel_KO_2022,KO,FILING,capital_allocation_change_score,-0.152625
panel_KO_2022,KO,FILING,management_outlook_score,0.0
panel_KO_2022,KO,FILING,total_risk_claims,16.0
panel_KO_2022,KO,FILING,high_materiality_risk_count,3.0
panel_KO_2022,KO,FILING,escalated_risk_count,0.0
panel_KO_2022,KO,FILING,net_qualitative_sentiment,-0.20454545454545456
panel_XOM_2022,XOM,BASELINE,revenue_growth_yoy,0.49509201567085426
panel_XOM_2022,XOM,BASELINE,ebit_margin,0.18795445755173082
panel_XOM_2022,XOM,BASELINE,gross_margin,0.0
panel_XOM_2022,XOM,BASELINE,roic,0.20996913023104008
panel_XOM_2022,XOM,BASELINE,fcf_margin,0.14114774705086056
panel_XOM_2022,XOM,BASELINE,net_debt_to_revenue,0.026832334171340167
panel_XOM_2022,XOM,BASELINE,owc_to_revenue,-0.07337313865789982
panel_XOM_2022,XOM,BASELINE,asset_turnover,1.120880490534239
panel_XOM_2022,XOM,BASELINE,beta,0.95
panel_XOM_2022,XOM,BASELINE,wacc,0.085
panel_XOM_2022,XOM,FILING,margin_pressure_score,0.23048687500000004
panel_XOM_2022,XOM,FILING,supply_chain_risk_score,0.10073250000000002
panel_XOM_2022,XOM,FILING,regulatory_risk_score,0.36024125
panel_XOM_2022,XOM,FILING,litigation_risk_score,0.23307325
panel_XOM_2022,XOM,FILING,demand_uncertainty_score,0.09664875000000002
panel_XOM_2022,XOM,FILING,competitive_pressure_score,0.10073250000000002
panel_XOM_2022,XOM,FILING,liquidity_risk_score,0.46847766666666674
panel_XOM_2022,XOM,FILING,strategic_change_score,0.09937125000000001
panel_XOM_2022,XOM,FILING,material_business_change_score,0.36024125000000007
panel_XOM_2022,XOM,FILING,guidance_direction_score,0.0
panel_XOM_2022,XOM,FILING,capital_allocation_change_score,-0.22712500000000002
panel_XOM_2022,XOM,FILING,management_outlook_score,0.0
panel_XOM_2022,XOM,FILING,total_risk_claims,16.0
panel_XOM_2022,XOM,FILING,high_materiality_risk_count,3.0
panel_XOM_2022,XOM,FILING,escalated_risk_count,1.0
panel_XOM_2022,XOM,FILING,net_qualitative_sentiment,-0.30952380952380953
panel_EOG_2022,EOG,BASELINE,revenue_growth_yoy,0.37871473017916535
panel_EOG_2022,EOG,BASELINE,ebit_margin,0.38775192592016183
panel_EOG_2022,EOG,BASELINE,gross_margin,0.0
panel_EOG_2022,EOG,BASELINE,roic,0.25950516801721907
panel_EOG_2022,EOG,BASELINE,fcf_margin,0.25188701268383784
panel_EOG_2022,EOG,BASELINE,net_debt_to_revenue,-0.03478328534744378
panel_EOG_2022,EOG,BASELINE,owc_to_revenue,0.0505797214224574
panel_EOG_2022,EOG,BASELINE,asset_turnover,0.6212564356674966
panel_EOG_2022,EOG,BASELINE,beta,1.2
panel_EOG_2022,EOG,BASELINE,wacc,0.085
panel_EOG_2022,EOG,FILING,margin_pressure_score,0.230486875
panel_EOG_2022,EOG,FILING,supply_chain_risk_score,0.329162375
panel_EOG_2022,EOG,FILING,regulatory_risk_score,0.10073250000000002
panel_EOG_2022,EOG,FILING,litigation_risk_score,0.14977875000000002
panel_EOG_2022,EOG,FILING,demand_uncertainty_score,0.311562125
panel_EOG_2022,EOG,FILING,competitive_pressure_score,0.10195762500000001
panel_EOG_2022,EOG,FILING,liquidity_risk_score,0.23707750000000002
panel_EOG_2022,EOG,FILING,strategic_change_score,0.231575875
panel_EOG_2022,EOG,FILING,material_business_change_score,0.151861875
panel_EOG_2022,EOG,FILING,guidance_direction_score,0.0721875
panel_EOG_2022,EOG,FILING,capital_allocation_change_score,0.23125
panel_EOG_2022,EOG,FILING,management_outlook_score,-0.335
panel_EOG_2022,EOG,FILING,total_risk_claims,14.0
panel_EOG_2022,EOG,FILING,high_materiality_risk_count,4.0
panel_EOG_2022,EOG,FILING,escalated_risk_count,2.0
panel_EOG_2022,EOG,FILING,net_qualitative_sentiment,-0.17777777777777778
panel_PFE_2022,PFE,BASELINE,revenue_growth_yoy,0.23425351835449268
panel_PFE_2022,PFE,BASELINE,ebit_margin,0.34614771254858967
panel_PFE_2022,PFE,BASELINE,gross_margin,0.657689624240008
panel_PFE_2022,PFE,BASELINE,roic,0.21237842736753826
panel_PFE_2022,PFE,BASELINE,fcf_margin,0.2594538024519087
panel_PFE_2022,PFE,BASELINE,net_debt_to_revenue,0.34912787800259143
panel_PFE_2022,PFE,BASELINE,owc_to_revenue,0.13080833250274096
panel_PFE_2022,PFE,BASELINE,asset_turnover,0.5087599198803275
panel_PFE_2022,PFE,BASELINE,beta,0.65
panel_PFE_2022,PFE,BASELINE,wacc,0.085
panel_PFE_2022,PFE,FILING,margin_pressure_score,0.0
panel_PFE_2022,PFE,FILING,supply_chain_risk_score,0.10073250000000002
panel_PFE_2022,PFE,FILING,regulatory_risk_score,0.10236600000000001
panel_PFE_2022,PFE,FILING,litigation_risk_score,0.362283125
panel_PFE_2022,PFE,FILING,demand_uncertainty_score,0.13489575
panel_PFE_2022,PFE,FILING,competitive_pressure_score,0.27373833333333336
panel_PFE_2022,PFE,FILING,liquidity_risk_score,0.28161625
panel_PFE_2022,PFE,FILING,strategic_change_score,0.21286650000000001
panel_PFE_2022,PFE,FILING,material_business_change_score,0.254120625
panel_PFE_2022,PFE,FILING,guidance_direction_score,-0.0495
panel_PFE_2022,PFE,FILING,capital_allocation_change_score,-0.02289375
panel_PFE_2022,PFE,FILING,management_outlook_score,0.0
panel_PFE_2022,PFE,FILING,total_risk_claims,18.0
panel_PFE_2022,PFE,FILING,high_materiality_risk_count,9.0
panel_PFE_2022,PFE,FILING,escalated_risk_count,1.0
panel_PFE_2022,PFE,FILING,net_qualitative_sentiment,-0.358974358974359
panel_TMO_2022,TMO,BASELINE,revenue_growth_yoy,0.14546938359133915
panel_TMO_2022,TMO,BASELINE,ebit_margin,0.18686407658911278
panel_TMO_2022,TMO,BASELINE,gross_margin,0.0
panel_TMO_2022,TMO,BASELINE,roic,0.09735747480805673
panel_TMO_2022,TMO,BASELINE,fcf_margin,0.15386841812312146
panel_TMO_2022,TMO,BASELINE,net_debt_to_revenue,0.6976065902259824
panel_TMO_2022,TMO,BASELINE,owc_to_revenue,0.23083602360013358
panel_TMO_2022,TMO,BASELINE,asset_turnover,0.4623072647549252
panel_TMO_2022,TMO,BASELINE,beta,0.85
panel_TMO_2022,TMO,BASELINE,wacc,0.085
panel_TMO_2022,TMO,FILING,margin_pressure_score,0.190183125
panel_TMO_2022,TMO,FILING,supply_chain_risk_score,0.48999562500000005
panel_TMO_2022,TMO,FILING,regulatory_risk_score,0.10073250000000002
panel_TMO_2022,TMO,FILING,litigation_risk_score,0.283658125
panel_TMO_2022,TMO,FILING,demand_uncertainty_score,0.43886625000000007
panel_TMO_2022,TMO,FILING,competitive_pressure_score,0.23048687500000004
panel_TMO_2022,TMO,FILING,liquidity_risk_score,0.28161625
panel_TMO_2022,TMO,FILING,strategic_change_score,0.23157587500000001
panel_TMO_2022,TMO,FILING,material_business_change_score,0.36024125
panel_TMO_2022,TMO,FILING,guidance_direction_score,-0.152625
panel_TMO_2022,TMO,FILING,capital_allocation_change_score,0.0
panel_TMO_2022,TMO,FILING,management_outlook_score,0.0
panel_TMO_2022,TMO,FILING,total_risk_claims,15.0
panel_TMO_2022,TMO,FILING,high_materiality_risk_count,4.0
panel_TMO_2022,TMO,FILING,escalated_risk_count,2.0
panel_TMO_2022,TMO,FILING,net_qualitative_sentiment,-0.3170731707317073
panel_CVX_2022,CVX,BASELINE,revenue_growth_yoy,0.5148323329434598
panel_CVX_2022,CVX,BASELINE,ebit_margin,0.21073575516403145
panel_CVX_2022,CVX,BASELINE,gross_margin,0.38309074016723443
panel_CVX_2022,CVX,BASELINE,roic,0.16979962423583492
panel_CVX_2022,CVX,BASELINE,fcf_margin,0.15963210120610732
panel_CVX_2022,CVX,BASELINE,net_debt_to_revenue,0.02711302112278707
panel_CVX_2022,CVX,BASELINE,owc_to_revenue,0.031783876428089615
panel_CVX_2022,CVX,BASELINE,asset_turnover,0.9146634382190766
panel_CVX_2022,CVX,BASELINE,beta,0.9
panel_CVX_2022,CVX,BASELINE,wacc,0.085
panel_CVX_2022,CVX,FILING,margin_pressure_score,0.0
panel_CVX_2022,CVX,FILING,supply_chain_risk_score,0.0
panel_CVX_2022,CVX,FILING,regulatory_risk_score,0.249175
panel_CVX_2022,CVX,FILING,litigation_risk_score,0.7449625
panel_CVX_2022,CVX,FILING,demand_uncertainty_score,0.3777665
panel_CVX_2022,CVX,FILING,competitive_pressure_score,0.0
panel_CVX_2022,CVX,FILING,liquidity_risk_score,0.46847766666666674
panel_CVX_2022,CVX,FILING,strategic_change_score,0.10073250000000002
panel_CVX_2022,CVX,FILING,material_business_change_score,0.0
panel_CVX_2022,CVX,FILING,guidance_direction_score,-0.37693750000000004
panel_CVX_2022,CVX,FILING,capital_allocation_change_score,0.0
panel_CVX_2022,CVX,FILING,management_outlook_score,0.0
panel_CVX_2022,CVX,FILING,total_risk_claims,11.0
panel_CVX_2022,CVX,FILING,high_materiality_risk_count,2.0
panel_CVX_2022,CVX,FILING,escalated_risk_count,0.0
panel_CVX_2022,CVX,FILING,net_qualitative_sentiment,-0.6111111111111112
panel_NVDA_2023,NVDA,BASELINE,revenue_growth_yoy,0.0022293230289068887
panel_NVDA_2023,NVDA,BASELINE,ebit_margin,0.1565952398606065
panel_NVDA_2023,NVDA,BASELINE,gross_margin,0.5692889449099132
panel_NVDA_2023,NVDA,BASELINE,roic,0.09487816667140542
panel_NVDA_2023,NVDA,BASELINE,fcf_margin,0.0
panel_NVDA_2023,NVDA,BASELINE,net_debt_to_revenue,0.2804181804700823
panel_NVDA_2023,NVDA,BASELINE,owc_to_revenue,0.2889078371765404
panel_NVDA_2023,NVDA,BASELINE,asset_turnover,0.6549949006847652
panel_NVDA_2023,NVDA,BASELINE,beta,1.65
panel_NVDA_2023,NVDA,BASELINE,wacc,0.085
panel_NVDA_2023,NVDA,FILING,margin_pressure_score,0.23048687500000004
panel_NVDA_2023,NVDA,FILING,supply_chain_risk_score,0.10073250000000002
panel_NVDA_2023,NVDA,FILING,regulatory_risk_score,0.36024125
panel_NVDA_2023,NVDA,FILING,litigation_risk_score,0.3091118750000001
panel_NVDA_2023,NVDA,FILING,demand_uncertainty_score,0.10073250000000002
panel_NVDA_2023,NVDA,FILING,competitive_pressure_score,0.36024125
panel_NVDA_2023,NVDA,FILING,liquidity_risk_score,0.1567995
panel_NVDA_2023,NVDA,FILING,strategic_change_score,0.17935750000000003
panel_NVDA_2023,NVDA,FILING,material_business_change_score,0.0
panel_NVDA_2023,NVDA,FILING,guidance_direction_score,-0.23125
panel_NVDA_2023,NVDA,FILING,capital_allocation_change_score,0.0763125
panel_NVDA_2023,NVDA,FILING,management_outlook_score,0.0
panel_NVDA_2023,NVDA,FILING,total_risk_claims,6.0
panel_NVDA_2023,NVDA,FILING,high_materiality_risk_count,2.0
panel_NVDA_2023,NVDA,FILING,escalated_risk_count,1.0
panel_NVDA_2023,NVDA,FILING,net_qualitative_sentiment,0.025
panel_MCD_2022,MCD,BASELINE,revenue_growth_yoy,-0.0017353560494167395
panel_MCD_2022,MCD,BASELINE,ebit_margin,0.4042255829803387
panel_MCD_2022,MCD,BASELINE,gross_margin,0.0
panel_MCD_2022,MCD,BASELINE,roic,0.1660354719046188
panel_MCD_2022,MCD,BASELINE,fcf_margin,0.2367077031911865
panel_MCD_2022,MCD,BASELINE,net_debt_to_revenue,1.437271919456834
panel_MCD_2022,MCD,BASELINE,owc_to_revenue,-0.040038649676912855
panel_MCD_2022,MCD,BASELINE,asset_turnover,0.45964755053969814
panel_MCD_2022,MCD,BASELINE,beta,0.65
panel_MCD_2022,MCD,BASELINE,wacc,0.085
panel_MCD_2022,MCD,FILING,margin_pressure_score,0.0
panel_MCD_2022,MCD,FILING,supply_chain_risk_score,0.0
panel_MCD_2022,MCD,FILING,regulatory_risk_score,0.0
panel_MCD_2022,MCD,FILING,litigation_risk_score,0.0
panel_MCD_2022,MCD,FILING,demand_uncertainty_score,0.0
panel_MCD_2022,MCD,FILING,competitive_pressure_score,0.0
panel_MCD_2022,MCD,FILING,liquidity_risk_score,0.0
panel_MCD_2022,MCD,FILING,strategic_change_score,0.0
panel_MCD_2022,MCD,FILING,material_business_change_score,0.0
panel_MCD_2022,MCD,FILING,guidance_direction_score,0.0
panel_MCD_2022,MCD,FILING,capital_allocation_change_score,0.0
panel_MCD_2022,MCD,FILING,management_outlook_score,0.0
panel_MCD_2022,MCD,FILING,total_risk_claims,0.0
panel_MCD_2022,MCD,FILING,high_materiality_risk_count,0.0
panel_MCD_2022,MCD,FILING,escalated_risk_count,0.0
panel_MCD_2022,MCD,FILING,net_qualitative_sentiment,0.0
panel_HD_2022,HD,BASELINE,revenue_growth_yoy,0.041321275230389594
panel_HD_2022,HD,BASELINE,ebit_margin,0.15272262917479337
panel_HD_2022,HD,BASELINE,gross_margin,0.3353049179494673
panel_HD_2022,HD,BASELINE,roic,0.3957401535586683
panel_HD_2022,HD,BASELINE,fcf_margin,0.07303545675749509
panel_HD_2022,HD,BASELINE,net_debt_to_revenue,0.2568947224639937
panel_HD_2022,HD,BASELINE,owc_to_revenue,0.10647827550936131
panel_HD_2022,HD,BASELINE,asset_turnover,2.059035908169272
panel_HD_2022,HD,BASELINE,beta,1.0
panel_HD_2022,HD,BASELINE,wacc,0.085
panel_HD_2022,HD,FILING,margin_pressure_score,0.10890000000000001
panel_HD_2022,HD,FILING,supply_chain_risk_score,0.10073250000000002
panel_HD_2022,HD,FILING,regulatory_risk_score,0.37688750000000004
panel_HD_2022,HD,FILING,litigation_risk_score,0.46733325000000003
panel_HD_2022,HD,FILING,demand_uncertainty_score,0.376541375
panel_HD_2022,HD,FILING,competitive_pressure_score,0.10073250000000002
panel_HD_2022,HD,FILING,liquidity_risk_score,0.09710250000000002
panel_HD_2022,HD,FILING,strategic_change_score,0.3201
panel_HD_2022,HD,FILING,material_business_change_score,0.0
panel_HD_2022,HD,FILING,guidance_direction_score,0.0
panel_HD_2022,HD,FILING,capital_allocation_change_score,0.0
panel_HD_2022,HD,FILING,management_outlook_score,0.0
panel_HD_2022,HD,FILING,total_risk_claims,8.0
panel_HD_2022,HD,FILING,high_materiality_risk_count,2.0
panel_HD_2022,HD,FILING,escalated_risk_count,0.0
panel_HD_2022,HD,FILING,net_qualitative_sentiment,-0.21212121212121213
panel_LOW_2022,LOW,BASELINE,revenue_growth_yoy,0.008405194805194804
panel_LOW_2022,LOW,BASELINE,ebit_margin,0.10466829454249477
panel_LOW_2022,LOW,BASELINE,gross_margin,0.33234424422258624
panel_LOW_2022,LOW,BASELINE,roic,0.30673679518708835
panel_LOW_2022,LOW,BASELINE,fcf_margin,0.06964835821510627
panel_LOW_2022,LOW,BASELINE,net_debt_to_revenue,0.3340339381201125
panel_LOW_2022,LOW,BASELINE,owc_to_revenue,0.0825065166548182
panel_LOW_2022,LOW,BASELINE,asset_turnover,2.220623226869223
panel_LOW_2022,LOW,BASELINE,beta,1.05
panel_LOW_2022,LOW,BASELINE,wacc,0.085
panel_LOW_2022,LOW,FILING,margin_pressure_score,0.26206625000000006
panel_LOW_2022,LOW,FILING,supply_chain_risk_score,0.10073250000000002
panel_LOW_2022,LOW,FILING,regulatory_risk_score,0.23252875
panel_LOW_2022,LOW,FILING,litigation_risk_score,0.29203883333333336
panel_LOW_2022,LOW,FILING,demand_uncertainty_score,0.15557437500000001
panel_LOW_2022,LOW,FILING,competitive_pressure_score,0.10182150000000001
panel_LOW_2022,LOW,FILING,liquidity_risk_score,0.153087
panel_LOW_2022,LOW,FILING,strategic_change_score,0.36024125
panel_LOW_2022,LOW,FILING,material_business_change_score,0.27373833333333336
panel_LOW_2022,LOW,FILING,guidance_direction_score,0.0
panel_LOW_2022,LOW,FILING,capital_allocation_change_score,0.0
panel_LOW_2022,LOW,FILING,management_outlook_score,0.0
panel_LOW_2022,LOW,FILING,total_risk_claims,8.0
panel_LOW_2022,LOW,FILING,high_materiality_risk_count,2.0
panel_LOW_2022,LOW,FILING,escalated_risk_count,2.0
panel_LOW_2022,LOW,FILING,net_qualitative_sentiment,-0.02702702702702703
panel_NKE_2023,NKE,BASELINE,revenue_growth_yoy,0.09648897452365661
panel_NKE_2023,NKE,BASELINE,ebit_margin,0.12107308120350666
panel_NKE_2023,NKE,BASELINE,gross_margin,0.43524610969014194
panel_NKE_2023,NKE,BASELINE,roic,0.23942764043351986
panel_NKE_2023,NKE,BASELINE,fcf_margin,0.09512466563836226
panel_NKE_2023,NKE,BASELINE,net_debt_to_revenue,0.029013804010387174
panel_NKE_2023,NKE,BASELINE,owc_to_revenue,0.024776929535115295
panel_NKE_2023,NKE,BASELINE,asset_turnover,1.3646585489328822
panel_NKE_2023,NKE,BASELINE,beta,1.05
panel_NKE_2023,NKE,BASELINE,wacc,0.085
panel_NKE_2023,NKE,FILING,margin_pressure_score,0.43886625000000007
panel_NKE_2023,NKE,FILING,supply_chain_risk_score,0.38360825
panel_NKE_2023,NKE,FILING,regulatory_risk_score,0.249175
panel_NKE_2023,NKE,FILING,litigation_risk_score,0.24794987500000004
panel_NKE_2023,NKE,FILING,demand_uncertainty_score,0.24169975
panel_NKE_2023,NKE,FILING,competitive_pressure_score,0.105633
panel_NKE_2023,NKE,FILING,liquidity_risk_score,0.21270512500000002
panel_NKE_2023,NKE,FILING,strategic_change_score,0.10073250000000002
panel_NKE_2023,NKE,FILING,material_business_change_score,0.0
panel_NKE_2023,NKE,FILING,guidance_direction_score,-0.0763125
panel_NKE_2023,NKE,FILING,capital_allocation_change_score,0.10175000000000001
panel_NKE_2023,NKE,FILING,management_outlook_score,0.0
panel_NKE_2023,NKE,FILING,total_risk_claims,14.0
panel_NKE_2023,NKE,FILING,high_materiality_risk_count,2.0
panel_NKE_2023,NKE,FILING,escalated_risk_count,0.0
panel_NKE_2023,NKE,FILING,net_qualitative_sentiment,-0.3055555555555556
panel_MSFT_2023,MSFT,BASELINE,revenue_growth_yoy,0.06882029555656428
panel_MSFT_2023,MSFT,BASELINE,ebit_margin,0.417728806361041
panel_MSFT_2023,MSFT,BASELINE,gross_margin,0.6892008588349102
panel_MSFT_2023,MSFT,BASELINE,roic,0.26714996132570584
panel_MSFT_2023,MSFT,BASELINE,fcf_margin,0.2806549795908737
panel_MSFT_2023,MSFT,BASELINE,net_debt_to_revenue,0.05914163697708987
panel_MSFT_2023,MSFT,BASELINE,owc_to_revenue,0.15616166859353986
panel_MSFT_2023,MSFT,BASELINE,asset_turnover,0.5143867603938094
panel_MSFT_2023,MSFT,BASELINE,beta,1.05
panel_MSFT_2023,MSFT,BASELINE,wacc,0.085
panel_MSFT_2023,MSFT,FILING,margin_pressure_score,0.09937125000000001
panel_MSFT_2023,MSFT,FILING,supply_chain_risk_score,0.15050062500000003
panel_MSFT_2023,MSFT,FILING,regulatory_risk_score,0.10073250000000002
panel_MSFT_2023,MSFT,FILING,litigation_risk_score,0.36187474999999997
panel_MSFT_2023,MSFT,FILING,demand_uncertainty_score,0.10073250000000002
panel_MSFT_2023,MSFT,FILING,competitive_pressure_score,0.09937125000000002
panel_MSFT_2023,MSFT,FILING,liquidity_risk_score,0.105633
panel_MSFT_2023,MSFT,FILING,strategic_change_score,0.10073250000000002
panel_MSFT_2023,MSFT,FILING,material_business_change_score,0.28025500000000003
panel_MSFT_2023,MSFT,FILING,guidance_direction_score,0.0763125
panel_MSFT_2023,MSFT,FILING,capital_allocation_change_score,0.0763125
panel_MSFT_2023,MSFT,FILING,management_outlook_score,0.0
panel_MSFT_2023,MSFT,FILING,total_risk_claims,8.0
panel_MSFT_2023,MSFT,FILING,high_materiality_risk_count,3.0
panel_MSFT_2023,MSFT,FILING,escalated_risk_count,1.0
panel_MSFT_2023,MSFT,FILING,net_qualitative_sentiment,-0.023809523809523808
panel_PG_2023,PG,BASELINE,revenue_growth_yoy,0.022684475039594948
panel_PG_2023,PG,BASELINE,ebit_margin,0.2211301612077165
panel_PG_2023,PG,BASELINE,gross_margin,0.47857473843377313
panel_PG_2023,PG,BASELINE,roic,0.17758816893726215
panel_PG_2023,PG,BASELINE,fcf_margin,0.16810965051337706
panel_PG_2023,PG,BASELINE,net_debt_to_revenue,0.2448967148745214
panel_PG_2023,PG,BASELINE,owc_to_revenue,-0.025046947784308465
panel_PG_2023,PG,BASELINE,asset_turnover,0.6786946842231584
panel_PG_2023,PG,BASELINE,beta,0.45
panel_PG_2023,PG,BASELINE,wacc,0.085
panel_PG_2023,PG,FILING,margin_pressure_score,0.252308125
panel_PG_2023,PG,FILING,supply_chain_risk_score,0.511729125
panel_PG_2023,PG,FILING,regulatory_risk_score,0.18777437500000002
panel_PG_2023,PG,FILING,litigation_risk_score,0.47626666666666667
panel_PG_2023,PG,FILING,demand_uncertainty_score,0.59628325
panel_PG_2023,PG,FILING,competitive_pressure_score,0.14900325
panel_PG_2023,PG,FILING,liquidity_risk_score,0.340283125
panel_PG_2023,PG,FILING,strategic_change_score,0.158024625
panel_PG_2023,PG,FILING,material_business_change_score,0.20556583333333336
panel_PG_2023,PG,FILING,guidance_direction_score,0.23743750000000002
panel_PG_2023,PG,FILING,capital_allocation_change_score,-0.0812625
panel_PG_2023,PG,FILING,management_outlook_score,-0.3333333333333333
panel_PG_2023,PG,FILING,total_risk_claims,20.0
panel_PG_2023,PG,FILING,high_materiality_risk_count,4.0
panel_PG_2023,PG,FILING,escalated_risk_count,0.0
panel_PG_2023,PG,FILING,net_qualitative_sentiment,-0.3333333333333333
panel_CSCO_2023,CSCO,BASELINE,revenue_growth_yoy,0.10553368116841554
panel_CSCO_2023,CSCO,BASELINE,ebit_margin,0.26371100740376857
panel_CSCO_2023,CSCO,BASELINE,gross_margin,0.6272676234253833
panel_CSCO_2023,CSCO,BASELINE,roic,0.19972858715783218
panel_CSCO_2023,CSCO,BASELINE,fcf_margin,0.33399417523421876
panel_CSCO_2023,CSCO,BASELINE,net_debt_to_revenue,-0.030387031123899084
panel_CSCO_2023,CSCO,BASELINE,owc_to_revenue,0.12605705463349592
panel_CSCO_2023,CSCO,BASELINE,asset_turnover,0.5596159132859443
panel_CSCO_2023,CSCO,BASELINE,beta,0.9
panel_CSCO_2023,CSCO,BASELINE,wacc,0.085
panel_CSCO_2023,CSCO,FILING,margin_pressure_score,0.10685812500000001
panel_CSCO_2023,CSCO,FILING,supply_chain_risk_score,0.168905
panel_CSCO_2023,CSCO,FILING,regulatory_risk_score,0.24257875
panel_CSCO_2023,CSCO,FILING,litigation_risk_score,0.16048725
panel_CSCO_2023,CSCO,FILING,demand_uncertainty_score,0.10073250000000002
panel_CSCO_2023,CSCO,FILING,competitive_pressure_score,0.0
panel_CSCO_2023,CSCO,FILING,liquidity_risk_score,0.20299125
panel_CSCO_2023,CSCO,FILING,strategic_change_score,0.10073250000000002
panel_CSCO_2023,CSCO,FILING,material_business_change_score,0.10073250000000002
panel_CSCO_2023,CSCO,FILING,guidance_direction_score,0.0
panel_CSCO_2023,CSCO,FILING,capital_allocation_change_score,0.0
panel_CSCO_2023,CSCO,FILING,management_outlook_score,0.0
panel_CSCO_2023,CSCO,FILING,total_risk_claims,9.0
panel_CSCO_2023,CSCO,FILING,high_materiality_risk_count,6.0
panel_CSCO_2023,CSCO,FILING,escalated_risk_count,0.0
panel_CSCO_2023,CSCO,FILING,net_qualitative_sentiment,-0.05128205128205128
panel_COST_2023,COST,BASELINE,revenue_growth_yoy,0.06757316460604351
panel_COST_2023,COST,BASELINE,ebit_margin,0.033488794419910026
panel_COST_2023,COST,BASELINE,gross_margin,0.12259688802674482
panel_COST_2023,COST,BASELINE,roic,0.268368026143092
panel_COST_2023,COST,BASELINE,fcf_margin,0.02783854059185274
panel_COST_2023,COST,BASELINE,net_debt_to_revenue,-0.029889801477568204
panel_COST_2023,COST,BASELINE,owc_to_revenue,0.00599694580874159
panel_COST_2023,COST,BASELINE,asset_turnover,3.5117546453314783
panel_COST_2023,COST,BASELINE,beta,0.8
panel_COST_2023,COST,BASELINE,wacc,0.085
panel_COST_2023,COST,FILING,margin_pressure_score,0.17935750000000003
panel_COST_2023,COST,FILING,supply_chain_risk_score,0.22374537500000002
panel_COST_2023,COST,FILING,regulatory_risk_score,0.37688750000000004
panel_COST_2023,COST,FILING,litigation_risk_score,0.10508850000000003
panel_COST_2023,COST,FILING,demand_uncertainty_score,0.10399950000000002
panel_COST_2023,COST,FILING,competitive_pressure_score,0.240474625
panel_COST_2023,COST,FILING,liquidity_risk_score,0.36024125
panel_COST_2023,COST,FILING,strategic_change_score,0.10073250000000002
panel_COST_2023,COST,FILING,material_business_change_score,0.0
panel_COST_2023,COST,FILING,guidance_direction_score,0.30833333333333335
panel_COST_2023,COST,FILING,capital_allocation_change_score,0.0763125
panel_COST_2023,COST,FILING,management_outlook_score,0.0
panel_COST_2023,COST,FILING,total_risk_claims,8.0
panel_COST_2023,COST,FILING,high_materiality_risk_count,0.0
panel_COST_2023,COST,FILING,escalated_risk_count,0.0
panel_COST_2023,COST,FILING,net_qualitative_sentiment,-0.15625
panel_AAPL_2023,AAPL,BASELINE,revenue_growth_yoy,-0.028004605303199367
panel_AAPL_2023,AAPL,BASELINE,ebit_margin,0.2982141226502472
panel_AAPL_2023,AAPL,BASELINE,gross_margin,0.4413112957720756
panel_AAPL_2023,AAPL,BASELINE,roic,0.522122284201708
panel_AAPL_2023,AAPL,BASELINE,fcf_margin,0.25981710737440805
panel_AAPL_2023,AAPL,BASELINE,net_debt_to_revenue,0.19603689160807233
panel_AAPL_2023,AAPL,BASELINE,owc_to_revenue,-0.06984880702349426
panel_AAPL_2023,AAPL,BASELINE,asset_turnover,1.087077369016657
panel_AAPL_2023,AAPL,BASELINE,beta,1.1
panel_AAPL_2023,AAPL,BASELINE,wacc,0.085
panel_AAPL_2023,AAPL,FILING,margin_pressure_score,0.31319562500000003
panel_AAPL_2023,AAPL,FILING,supply_chain_risk_score,0.6499
panel_AAPL_2023,AAPL,FILING,regulatory_risk_score,0.38740812500000005
panel_AAPL_2023,AAPL,FILING,litigation_risk_score,0.5217791250000001
panel_AAPL_2023,AAPL,FILING,demand_uncertainty_score,0.18563275
panel_AAPL_2023,AAPL,FILING,competitive_pressure_score,0.22912562500000003
panel_AAPL_2023,AAPL,FILING,liquidity_risk_score,0.105633
panel_AAPL_2023,AAPL,FILING,strategic_change_score,0.10073250000000002
panel_AAPL_2023,AAPL,FILING,material_business_change_score,0.10073250000000002
panel_AAPL_2023,AAPL,FILING,guidance_direction_score,0.0763125
panel_AAPL_2023,AAPL,FILING,capital_allocation_change_score,0.0
panel_AAPL_2023,AAPL,FILING,management_outlook_score,0.0
panel_AAPL_2023,AAPL,FILING,total_risk_claims,15.0
panel_AAPL_2023,AAPL,FILING,high_materiality_risk_count,1.0
panel_AAPL_2023,AAPL,FILING,escalated_risk_count,1.0
panel_AAPL_2023,AAPL,FILING,net_qualitative_sentiment,-0.34285714285714286
panel_LMT_2023,LMT,BASELINE,revenue_growth_yoy,0.024051285160038797
panel_LMT_2023,LMT,BASELINE,ebit_margin,0.12589720442201535
panel_LMT_2023,LMT,BASELINE,gross_margin,0.125482825472466
panel_LMT_2023,LMT,BASELINE,roic,0.21129513816887743
panel_LMT_2023,LMT,BASELINE,fcf_margin,0.09218451702653505
panel_LMT_2023,LMT,BASELINE,net_debt_to_revenue,0.23703955839043375
panel_LMT_2023,LMT,BASELINE,owc_to_revenue,0.0436873806810614
panel_LMT_2023,LMT,BASELINE,asset_turnover,1.2881462559097148
panel_LMT_2023,LMT,BASELINE,beta,0.65
panel_LMT_2023,LMT,BASELINE,wacc,0.085
panel_LMT_2023,LMT,FILING,margin_pressure_score,0.36024125
panel_LMT_2023,LMT,FILING,supply_chain_risk_score,0.10073250000000002
panel_LMT_2023,LMT,FILING,regulatory_risk_score,0.48999562500000005
panel_LMT_2023,LMT,FILING,litigation_risk_score,0.28161625000000007
panel_LMT_2023,LMT,FILING,demand_uncertainty_score,0.18208000000000002
panel_LMT_2023,LMT,FILING,competitive_pressure_score,0.10073250000000002
panel_LMT_2023,LMT,FILING,liquidity_risk_score,0.105633
panel_LMT_2023,LMT,FILING,strategic_change_score,0.17799625000000002
panel_LMT_2023,LMT,FILING,material_business_change_score,0.151861875
panel_LMT_2023,LMT,FILING,guidance_direction_score,0.0
panel_LMT_2023,LMT,FILING,capital_allocation_change_score,0.0763125
panel_LMT_2023,LMT,FILING,management_outlook_score,-0.091575
panel_LMT_2023,LMT,FILING,total_risk_claims,12.0
panel_LMT_2023,LMT,FILING,high_materiality_risk_count,2.0
panel_LMT_2023,LMT,FILING,escalated_risk_count,2.0
panel_LMT_2023,LMT,FILING,net_qualitative_sentiment,-0.18604651162790697
panel_SLB_2023,SLB,BASELINE,revenue_growth_yoy,0.1795592894521377
panel_SLB_2023,SLB,BASELINE,ebit_margin,0.19686132488305416
panel_SLB_2023,SLB,BASELINE,gross_margin,0.0
panel_SLB_2023,SLB,BASELINE,roic,0.17274414222957082
panel_SLB_2023,SLB,BASELINE,fcf_margin,0.14178361249434132
panel_SLB_2023,SLB,BASELINE,net_debt_to_revenue,0.23968613248830542
panel_SLB_2023,SLB,BASELINE,owc_to_revenue,0.03908254111966199
panel_SLB_2023,SLB,BASELINE,asset_turnover,0.6909314594324082
panel_SLB_2023,SLB,BASELINE,beta,1.25
panel_SLB_2023,SLB,BASELINE,wacc,0.085
panel_SLB_2023,SLB,FILING,margin_pressure_score,0.10073250000000002
panel_SLB_2023,SLB,FILING,supply_chain_risk_score,0.0
panel_SLB_2023,SLB,FILING,regulatory_risk_score,0.10073250000000002
panel_SLB_2023,SLB,FILING,litigation_risk_score,0.10890000000000001
panel_SLB_2023,SLB,FILING,demand_uncertainty_score,0.0
panel_SLB_2023,SLB,FILING,competitive_pressure_score,0.61975
panel_SLB_2023,SLB,FILING,liquidity_risk_score,0.21286650000000001
panel_SLB_2023,SLB,FILING,strategic_change_score,0.30525
panel_SLB_2023,SLB,FILING,material_business_change_score,0.20556583333333336
panel_SLB_2023,SLB,FILING,guidance_direction_score,0.12973125000000002
panel_SLB_2023,SLB,FILING,capital_allocation_change_score,0.20604375000000003
panel_SLB_2023,SLB,FILING,management_outlook_score,-0.152625
panel_SLB_2023,SLB,FILING,total_risk_claims,7.0
panel_SLB_2023,SLB,FILING,high_materiality_risk_count,4.0
panel_SLB_2023,SLB,FILING,escalated_risk_count,0.0
panel_SLB_2023,SLB,FILING,net_qualitative_sentiment,0.12
panel_INTC_2023,INTC,BASELINE,revenue_growth_yoy,-0.13997525930155105
panel_INTC_2023,INTC,BASELINE,ebit_margin,0.001714981190528878
panel_INTC_2023,INTC,BASELINE,gross_margin,0.400365125027661
panel_INTC_2023,INTC,BASELINE,roic,0.0004931617190515347
panel_INTC_2023,INTC,BASELINE,fcf_margin,-0.26331415504905215
panel_INTC_2023,INTC,BASELINE,net_debt_to_revenue,0.777956037471417
panel_INTC_2023,INTC,BASELINE,owc_to_revenue,0.10974035553588551
panel_INTC_2023,INTC,BASELINE,asset_turnover,0.2830685068799198
panel_INTC_2023,INTC,BASELINE,beta,1.15
panel_INTC_2023,INTC,BASELINE,wacc,0.085
panel_INTC_2023,INTC,FILING,margin_pressure_score,0.0
panel_INTC_2023,INTC,FILING,supply_chain_risk_score,0.0
panel_INTC_2023,INTC,FILING,regulatory_risk_score,0.0
panel_INTC_2023,INTC,FILING,litigation_risk_score,0.10073250000000002
panel_INTC_2023,INTC,FILING,demand_uncertainty_score,0.0
panel_INTC_2023,INTC,FILING,competitive_pressure_score,0.0
panel_INTC_2023,INTC,FILING,liquidity_risk_score,0.30525
panel_INTC_2023,INTC,FILING,strategic_change_score,0.0
panel_INTC_2023,INTC,FILING,material_business_change_score,0.0
panel_INTC_2023,INTC,FILING,guidance_direction_score,0.0
panel_INTC_2023,INTC,FILING,capital_allocation_change_score,0.0
panel_INTC_2023,INTC,FILING,management_outlook_score,0.0
panel_INTC_2023,INTC,FILING,total_risk_claims,1.0
panel_INTC_2023,INTC,FILING,high_materiality_risk_count,1.0
panel_INTC_2023,INTC,FILING,escalated_risk_count,0.0
panel_INTC_2023,INTC,FILING,net_qualitative_sentiment,-0.5
panel_AMZN_2023,AMZN,BASELINE,revenue_growth_yoy,0.11829574129883673
panel_AMZN_2023,AMZN,BASELINE,ebit_margin,0.0641144079960333
panel_AMZN_2023,AMZN,BASELINE,gross_margin,0.46982088955000567
panel_AMZN_2023,AMZN,BASELINE,roic,0.10773326039810306
panel_AMZN_2023,AMZN,BASELINE,fcf_margin,0.0560505232391242
panel_AMZN_2023,AMZN,BASELINE,net_debt_to_revenue,-0.011446018946214671
panel_AMZN_2023,AMZN,BASELINE,owc_to_revenue,0.001026470767330393
panel_AMZN_2023,AMZN,BASELINE,asset_turnover,1.0889090543976174
panel_AMZN_2023,AMZN,BASELINE,beta,1.25
panel_AMZN_2023,AMZN,BASELINE,wacc,0.085
panel_AMZN_2023,AMZN,FILING,margin_pressure_score,0.10890000000000001
panel_AMZN_2023,AMZN,FILING,supply_chain_risk_score,0.29988325
panel_AMZN_2023,AMZN,FILING,regulatory_risk_score,0.18981625000000002
panel_AMZN_2023,AMZN,FILING,litigation_risk_score,0.4757221666666667
panel_AMZN_2023,AMZN,FILING,demand_uncertainty_score,0.186857875
panel_AMZN_2023,AMZN,FILING,competitive_pressure_score,0.10195762500000001
panel_AMZN_2023,AMZN,FILING,liquidity_risk_score,0.3402831250000001
panel_AMZN_2023,AMZN,FILING,strategic_change_score,0.17935750000000003
panel_AMZN_2023,AMZN,FILING,material_business_change_score,0.30525
panel_AMZN_2023,AMZN,FILING,guidance_direction_score,0.393125
panel_AMZN_2023,AMZN,FILING,capital_allocation_change_score,0.070345
panel_AMZN_2023,AMZN,FILING,management_outlook_score,-0.165
panel_AMZN_2023,AMZN,FILING,total_risk_claims,17.0
panel_AMZN_2023,AMZN,FILING,high_materiality_risk_count,4.0
panel_AMZN_2023,AMZN,FILING,escalated_risk_count,2.0
panel_AMZN_2023,AMZN,FILING,net_qualitative_sentiment,-0.23684210526315788
panel_MMM_2023,MMM,BASELINE,revenue_growth_yoy,-0.0452248093721698
panel_MMM_2023,MMM,BASELINE,ebit_margin,-0.2793060187876748
panel_MMM_2023,MMM,BASELINE,gross_margin,0.4346256234509348
panel_MMM_2023,MMM,BASELINE,roic,-0.20789713429049184
panel_MMM_2023,MMM,BASELINE,fcf_margin,0.1549830176555185
panel_MMM_2023,MMM,BASELINE,net_debt_to_revenue,0.25418438848260455
panel_MMM_2023,MMM,BASELINE,owc_to_revenue,0.19359872708913436
panel_MMM_2023,MMM,BASELINE,asset_turnover,0.6461249505733492
panel_MMM_2023,MMM,BASELINE,beta,0.95
panel_MMM_2023,MMM,BASELINE,wacc,0.085
panel_MMM_2023,MMM,FILING,margin_pressure_score,0.38945
panel_MMM_2023,MMM,FILING,supply_chain_risk_score,0.41137062500000005
panel_MMM_2023,MMM,FILING,regulatory_risk_score,0.10073250000000002
panel_MMM_2023,MMM,FILING,litigation_risk_score,0.41137062500000005
panel_MMM_2023,MMM,FILING,demand_uncertainty_score,0.15920850000000003
panel_MMM_2023,MMM,FILING,competitive_pressure_score,0.10073250000000002
panel_MMM_2023,MMM,FILING,liquidity_risk_score,0.29395525
panel_MMM_2023,MMM,FILING,strategic_change_score,0.230486875
panel_MMM_2023,MMM,FILING,material_business_change_score,0.30679937500000004
panel_MMM_2023,MMM,FILING,guidance_direction_score,0.152625
panel_MMM_2023,MMM,FILING,capital_allocation_change_score,-0.0763125
panel_MMM_2023,MMM,FILING,management_outlook_score,-0.61975
panel_MMM_2023,MMM,FILING,total_risk_claims,18.0
panel_MMM_2023,MMM,FILING,high_materiality_risk_count,5.0
panel_MMM_2023,MMM,FILING,escalated_risk_count,2.0
panel_MMM_2023,MMM,FILING,net_qualitative_sentiment,-0.13636363636363635
panel_PEP_2023,PEP,BASELINE,revenue_growth_yoy,0.058790165756088524
panel_PEP_2023,PEP,BASELINE,ebit_margin,0.1310360660755868
panel_PEP_2023,PEP,BASELINE,gross_margin,0.5421390386023985
panel_PEP_2023,PEP,BASELINE,roic,0.14842623342569272
panel_PEP_2023,PEP,BASELINE,fcf_margin,0.086628548939008
panel_PEP_2023,PEP,BASELINE,net_debt_to_revenue,0.37600988291371035
panel_PEP_2023,PEP,BASELINE,owc_to_revenue,-0.06888522045238382
panel_PEP_2023,PEP,BASELINE,asset_turnover,0.9102044877854619
panel_PEP_2023,PEP,BASELINE,beta,0.55
panel_PEP_2023,PEP,BASELINE,wacc,0.085
panel_PEP_2023,PEP,FILING,margin_pressure_score,0.0
panel_PEP_2023,PEP,FILING,supply_chain_risk_score,0.29149433333333336
panel_PEP_2023,PEP,FILING,regulatory_risk_score,0.10617750000000002
panel_PEP_2023,PEP,FILING,litigation_risk_score,0.24794987500000001
panel_PEP_2023,PEP,FILING,demand_uncertainty_score,0.10563300000000002
panel_PEP_2023,PEP,FILING,competitive_pressure_score,0.61975
panel_PEP_2023,PEP,FILING,liquidity_risk_score,0.28705533333333333
panel_PEP_2023,PEP,FILING,strategic_change_score,0.10073250000000002
panel_PEP_2023,PEP,FILING,material_business_change_score,0.151861875
panel_PEP_2023,PEP,FILING,guidance_direction_score,0.05341875
panel_PEP_2023,PEP,FILING,capital_allocation_change_score,-0.09920625000000001
panel_PEP_2023,PEP,FILING,management_outlook_score,0.0
panel_PEP_2023,PEP,FILING,total_risk_claims,15.0
panel_PEP_2023,PEP,FILING,high_materiality_risk_count,1.0
panel_PEP_2023,PEP,FILING,escalated_risk_count,2.0
panel_PEP_2023,PEP,FILING,net_qualitative_sentiment,-0.36363636363636365
panel_UNP_2023,UNP,BASELINE,revenue_growth_yoy,-0.030391959798994974
panel_UNP_2023,UNP,BASELINE,ebit_margin,0.37654960819271116
panel_UNP_2023,UNP,BASELINE,gross_margin,0.0
panel_UNP_2023,UNP,BASELINE,roic,0.11715621939289926
panel_UNP_2023,UNP,BASELINE,fcf_margin,0.1978937766905759
panel_UNP_2023,UNP,BASELINE,net_debt_to_revenue,1.3070193623284547
panel_UNP_2023,UNP,BASELINE,owc_to_revenue,0.05045814503088851
panel_UNP_2023,UNP,BASELINE,asset_turnover,0.3592772448310791
panel_UNP_2023,UNP,BASELINE,beta,0.9
panel_UNP_2023,UNP,BASELINE,wacc,0.085
panel_UNP_2023,UNP,FILING,margin_pressure_score,0.10073250000000002
panel_UNP_2023,UNP,FILING,supply_chain_risk_score,0.151861875
panel_UNP_2023,UNP,FILING,regulatory_risk_score,0.23048687500000004
panel_UNP_2023,UNP,FILING,litigation_risk_score,0.24421225000000002
panel_UNP_2023,UNP,FILING,demand_uncertainty_score,0.3216995
panel_UNP_2023,UNP,FILING,competitive_pressure_score,0.37531625
panel_UNP_2023,UNP,FILING,liquidity_risk_score,0.6499
panel_UNP_2023,UNP,FILING,strategic_change_score,0.61975
panel_UNP_2023,UNP,FILING,material_business_change_score,0.20299125
panel_UNP_2023,UNP,FILING,guidance_direction_score,0.0825
panel_UNP_2023,UNP,FILING,capital_allocation_change_score,-0.162525
panel_UNP_2023,UNP,FILING,management_outlook_score,-0.335
panel_UNP_2023,UNP,FILING,total_risk_claims,10.0
panel_UNP_2023,UNP,FILING,high_materiality_risk_count,4.0
panel_UNP_2023,UNP,FILING,escalated_risk_count,0.0
panel_UNP_2023,UNP,FILING,net_qualitative_sentiment,-0.11764705882352941
panel_COP_2023,COP,BASELINE,revenue_growth_yoy,-0.20519582630346114
panel_COP_2023,COP,BASELINE,ebit_margin,0.33568278306747457
panel_COP_2023,COP,BASELINE,gross_margin,0.5471126499319896
panel_COP_2023,COP,BASELINE,roic,0.14020563151395724
panel_COP_2023,COP,BASELINE,fcf_margin,0.0
panel_COP_2023,COP,BASELINE,net_debt_to_revenue,0.2741436873995301
panel_COP_2023,COP,BASELINE,owc_to_revenue,0.02881167305552121
panel_COP_2023,COP,BASELINE,asset_turnover,0.5058379550477461
panel_COP_2023,COP,BASELINE,beta,1.15
panel_COP_2023,COP,BASELINE,wacc,0.085
panel_COP_2023,COP,FILING,margin_pressure_score,0.10890000000000001
panel_COP_2023,COP,FILING,supply_chain_risk_score,0.10073250000000002
panel_COP_2023,COP,FILING,regulatory_risk_score,0.25798250000000006
panel_COP_2023,COP,FILING,litigation_risk_score,0.243049375
panel_COP_2023,COP,FILING,demand_uncertainty_score,0.10672200000000003
panel_COP_2023,COP,FILING,competitive_pressure_score,0.10073250000000002
panel_COP_2023,COP,FILING,liquidity_risk_score,0.254120625
panel_COP_2023,COP,FILING,strategic_change_score,0.21286650000000001
panel_COP_2023,COP,FILING,material_business_change_score,0.36024125000000007
panel_COP_2023,COP,FILING,guidance_direction_score,0.0
panel_COP_2023,COP,FILING,capital_allocation_change_score,0.0812625
panel_COP_2023,COP,FILING,management_outlook_score,0.0
panel_COP_2023,COP,FILING,total_risk_claims,7.0
panel_COP_2023,COP,FILING,high_materiality_risk_count,8.0
panel_COP_2023,COP,FILING,escalated_risk_count,0.0
panel_COP_2023,COP,FILING,net_qualitative_sentiment,-0.1111111111111111
panel_HON_2023,HON,BASELINE,revenue_growth_yoy,0.03372243839169909
panel_HON_2023,HON,BASELINE,ebit_margin,0.19527030712999838
panel_HON_2023,HON,BASELINE,gross_margin,0.3727838088483989
panel_HON_2023,HON,BASELINE,roic,0.15631157593044245
panel_HON_2023,HON,BASELINE,fcf_margin,0.11731493099121706
panel_HON_2023,HON,BASELINE,net_debt_to_revenue,0.34144345643991053
panel_HON_2023,HON,BASELINE,owc_to_revenue,0.18708744749331732
panel_HON_2023,HON,BASELINE,asset_turnover,0.5958878504672898
panel_HON_2023,HON,BASELINE,beta,1.0
panel_HON_2023,HON,BASELINE,wacc,0.085
panel_HON_2023,HON,FILING,margin_pressure_score,0.0
panel_HON_2023,HON,FILING,supply_chain_risk_score,0.0
panel_HON_2023,HON,FILING,regulatory_risk_score,0.0
panel_HON_2023,HON,FILING,litigation_risk_score,0.0
panel_HON_2023,HON,FILING,demand_uncertainty_score,0.0
panel_HON_2023,HON,FILING,competitive_pressure_score,0.0
panel_HON_2023,HON,FILING,liquidity_risk_score,0.0
panel_HON_2023,HON,FILING,strategic_change_score,0.0
panel_HON_2023,HON,FILING,material_business_change_score,0.0
panel_HON_2023,HON,FILING,guidance_direction_score,0.0
panel_HON_2023,HON,FILING,capital_allocation_change_score,0.0
panel_HON_2023,HON,FILING,management_outlook_score,0.0
panel_HON_2023,HON,FILING,total_risk_claims,0.0
panel_HON_2023,HON,FILING,high_materiality_risk_count,0.0
panel_HON_2023,HON,FILING,escalated_risk_count,0.0
panel_HON_2023,HON,FILING,net_qualitative_sentiment,0.0
panel_ABT_2023,ABT,BASELINE,revenue_growth_yoy,-0.08118571461297047
panel_ABT_2023,ABT,BASELINE,ebit_margin,0.16150988556184398
panel_ABT_2023,ABT,BASELINE,gross_margin,0.5518462190530804
panel_ABT_2023,ABT,BASELINE,roic,0.10609324254135503
panel_ABT_2023,ABT,BASELINE,fcf_margin,0.12613129222867686
panel_ABT_2023,ABT,BASELINE,net_debt_to_revenue,0.19404622403949237
panel_ABT_2023,ABT,BASELINE,owc_to_revenue,0.32748260988805505
panel_ABT_2023,ABT,BASELINE,asset_turnover,0.5478323817849046
panel_ABT_2023,ABT,BASELINE,beta,0.75
panel_ABT_2023,ABT,BASELINE,wacc,0.085
panel_ABT_2023,ABT,FILING,margin_pressure_score,0.24158312500000004
panel_ABT_2023,ABT,FILING,supply_chain_risk_score,0.36024125
panel_ABT_2023,ABT,FILING,regulatory_risk_score,0.22776437500000002
panel_ABT_2023,ABT,FILING,litigation_risk_score,0.5025581250000001
panel_ABT_2023,ABT,FILING,demand_uncertainty_score,0.3978710000000001
panel_ABT_2023,ABT,FILING,competitive_pressure_score,0.17935750000000003
panel_ABT_2023,ABT,FILING,liquidity_risk_score,0.105633
panel_ABT_2023,ABT,FILING,strategic_change_score,0.10195762500000001
panel_ABT_2023,ABT,FILING,material_business_change_score,0.151861875
panel_ABT_2023,ABT,FILING,guidance_direction_score,-0.14875
panel_ABT_2023,ABT,FILING,capital_allocation_change_score,0.004949999999999996
panel_ABT_2023,ABT,FILING,management_outlook_score,0.0
panel_ABT_2023,ABT,FILING,total_risk_claims,14.0
panel_ABT_2023,ABT,FILING,high_materiality_risk_count,4.0
panel_ABT_2023,ABT,FILING,escalated_risk_count,1.0
panel_ABT_2023,ABT,FILING,net_qualitative_sentiment,-0.1951219512195122
panel_CAT_2023,CAT,BASELINE,revenue_growth_yoy,0.12844330018341832
panel_CAT_2023,CAT,BASELINE,ebit_margin,0.19334923948702654
panel_CAT_2023,CAT,BASELINE,gross_margin,0.36225767968983
panel_CAT_2023,CAT,BASELINE,roic,0.20451203050081526
panel_CAT_2023,CAT,BASELINE,fcf_margin,0.16832687145839548
panel_CAT_2023,CAT,BASELINE,net_debt_to_revenue,0.33010736653742917
panel_CAT_2023,CAT,BASELINE,owc_to_revenue,0.2679540709812109
panel_CAT_2023,CAT,BASELINE,asset_turnover,0.7666102702455531
panel_CAT_2023,CAT,BASELINE,beta,1.15
panel_CAT_2023,CAT,BASELINE,wacc,0.085
panel_CAT_2023,CAT,FILING,margin_pressure_score,0.10073250000000002
panel_CAT_2023,CAT,FILING,supply_chain_risk_score,0.489995625
panel_CAT_2023,CAT,FILING,regulatory_risk_score,0.0989175
panel_CAT_2023,CAT,FILING,litigation_risk_score,0.362283125
panel_CAT_2023,CAT,FILING,demand_uncertainty_score,0.230486875
panel_CAT_2023,CAT,FILING,competitive_pressure_score,0.230486875
panel_CAT_2023,CAT,FILING,liquidity_risk_score,0.48999562500000005
panel_CAT_2023,CAT,FILING,strategic_change_score,0.17799625000000002
panel_CAT_2023,CAT,FILING,material_business_change_score,0.15186187500000004
panel_CAT_2023,CAT,FILING,guidance_direction_score,0.0
panel_CAT_2023,CAT,FILING,capital_allocation_change_score,-0.02289375
panel_CAT_2023,CAT,FILING,management_outlook_score,-0.61975
panel_CAT_2023,CAT,FILING,total_risk_claims,7.0
panel_CAT_2023,CAT,FILING,high_materiality_risk_count,3.0
panel_CAT_2023,CAT,FILING,escalated_risk_count,1.0
panel_CAT_2023,CAT,FILING,net_qualitative_sentiment,-0.09090909090909091
panel_JNJ_2023,JNJ,BASELINE,revenue_growth_yoy,-0.774654266243957
panel_JNJ_2023,JNJ,BASELINE,ebit_margin,0.22556672119654125
panel_JNJ_2023,JNJ,BASELINE,gross_margin,0.6822622107969152
panel_JNJ_2023,JNJ,BASELINE,roic,0.028105472835924065
panel_JNJ_2023,JNJ,BASELINE,fcf_margin,0.8529095583080158
panel_JNJ_2023,JNJ,BASELINE,net_debt_to_revenue,0.25664874970787566
panel_JNJ_2023,JNJ,BASELINE,owc_to_revenue,0.7675625146062164
panel_JNJ_2023,JNJ,BASELINE,asset_turnover,0.12768712923286266
panel_JNJ_2023,JNJ,BASELINE,beta,0.6
panel_JNJ_2023,JNJ,BASELINE,wacc,0.085
panel_JNJ_2023,JNJ,FILING,margin_pressure_score,0.20451750000000002
panel_JNJ_2023,JNJ,FILING,supply_chain_risk_score,0.10073250000000002
panel_JNJ_2023,JNJ,FILING,regulatory_risk_score,0.35888000000000003
panel_JNJ_2023,JNJ,FILING,litigation_risk_score,0.10005187500000001
panel_JNJ_2023,JNJ,FILING,demand_uncertainty_score,0.61975
panel_JNJ_2023,JNJ,FILING,competitive_pressure_score,0.10073250000000002
panel_JNJ_2023,JNJ,FILING,liquidity_risk_score,0.61975
panel_JNJ_2023,JNJ,FILING,strategic_change_score,0.10073250000000002
panel_JNJ_2023,JNJ,FILING,material_business_change_score,0.0
panel_JNJ_2023,JNJ,FILING,guidance_direction_score,-0.091575
panel_JNJ_2023,JNJ,FILING,capital_allocation_change_score,0.0
panel_JNJ_2023,JNJ,FILING,management_outlook_score,0.0
panel_JNJ_2023,JNJ,FILING,total_risk_claims,8.0
panel_JNJ_2023,JNJ,FILING,high_materiality_risk_count,0.0
panel_JNJ_2023,JNJ,FILING,escalated_risk_count,1.0
panel_JNJ_2023,JNJ,FILING,net_qualitative_sentiment,-0.23529411764705882
panel_KO_2023,KO,BASELINE,revenue_growth_yoy,0.06394753976374291
panel_KO_2023,KO,BASELINE,ebit_margin,0.24721335839489444
panel_KO_2023,KO,BASELINE,gross_margin,0.5952266468505486
panel_KO_2023,KO,BASELINE,roic,0.1430892128287051
panel_KO_2023,KO,BASELINE,fcf_margin,0.2130305547055995
panel_KO_2023,KO,BASELINE,net_debt_to_revenue,0.615050050268829
panel_KO_2023,KO,BASELINE,owc_to_revenue,-0.16722035231892293
panel_KO_2023,KO,BASELINE,asset_turnover,0.4682967769669304
panel_KO_2023,KO,BASELINE,beta,0.6
panel_KO_2023,KO,BASELINE,wacc,0.085
panel_KO_2023,KO,FILING,margin_pressure_score,0.10277437500000002
panel_KO_2023,KO,FILING,supply_chain_risk_score,0.24244262500000002
panel_KO_2023,KO,FILING,regulatory_risk_score,0.28161625000000007
panel_KO_2023,KO,FILING,litigation_risk_score,0.272419375
panel_KO_2023,KO,FILING,demand_uncertainty_score,0.38637562500000006
panel_KO_2023,KO,FILING,competitive_pressure_score,0.09937125000000001
panel_KO_2023,KO,FILING,liquidity_risk_score,0.13859449999999998
panel_KO_2023,KO,FILING,strategic_change_score,0.10073250000000002
panel_KO_2023,KO,FILING,material_business_change_score,0.48999562500000005
panel_KO_2023,KO,FILING,guidance_direction_score,0.23743750000000002
panel_KO_2023,KO,FILING,capital_allocation_change_score,-0.0763125
panel_KO_2023,KO,FILING,management_outlook_score,0.0
panel_KO_2023,KO,FILING,total_risk_claims,11.0
panel_KO_2023,KO,FILING,high_materiality_risk_count,3.0
panel_KO_2023,KO,FILING,escalated_risk_count,0.0
panel_KO_2023,KO,FILING,net_qualitative_sentiment,-0.09090909090909091
panel_NVDA_2024,NVDA,BASELINE,revenue_growth_yoy,1.2585452658115222
panel_NVDA_2024,NVDA,BASELINE,ebit_margin,0.5412166376678376
panel_NVDA_2024,NVDA,BASELINE,gross_margin,0.7271757329043695
panel_NVDA_2024,NVDA,BASELINE,roic,0.7116268163733267
panel_NVDA_2024,NVDA,BASELINE,fcf_margin,0.4435343554052723
panel_NVDA_2024,NVDA,BASELINE,net_debt_to_revenue,0.03987065427924231
panel_NVDA_2024,NVDA,BASELINE,owc_to_revenue,0.20652637799153015
panel_NVDA_2024,NVDA,BASELINE,asset_turnover,0.9268804771178188
panel_NVDA_2024,NVDA,BASELINE,beta,1.65
panel_NVDA_2024,NVDA,BASELINE,wacc,0.085
panel_NVDA_2024,NVDA,FILING,margin_pressure_score,0.230486875
panel_NVDA_2024,NVDA,FILING,supply_chain_risk_score,0.10073250000000002
panel_NVDA_2024,NVDA,FILING,regulatory_risk_score,0.36024125
panel_NVDA_2024,NVDA,FILING,litigation_risk_score,0.3091118750000001
panel_NVDA_2024,NVDA,FILING,demand_uncertainty_score,0.10073250000000002
panel_NVDA_2024,NVDA,FILING,competitive_pressure_score,0.36024125
panel_NVDA_2024,NVDA,FILING,liquidity_risk_score,0.10195762500000001
panel_NVDA_2024,NVDA,FILING,strategic_change_score,0.17935750000000003
panel_NVDA_2024,NVDA,FILING,material_business_change_score,0.0
panel_NVDA_2024,NVDA,FILING,guidance_direction_score,0.0
panel_NVDA_2024,NVDA,FILING,capital_allocation_change_score,0.0763125
panel_NVDA_2024,NVDA,FILING,management_outlook_score,0.0
panel_NVDA_2024,NVDA,FILING,total_risk_claims,7.0
panel_NVDA_2024,NVDA,FILING,high_materiality_risk_count,3.0
panel_NVDA_2024,NVDA,FILING,escalated_risk_count,1.0
panel_NVDA_2024,NVDA,FILING,net_qualitative_sentiment,0.025
panel_TMO_2023,TMO,BASELINE,revenue_growth_yoy,-0.04581988199933207
panel_TMO_2023,TMO,BASELINE,ebit_margin,0.16004386681288937
panel_TMO_2023,TMO,BASELINE,gross_margin,0.0
panel_TMO_2023,TMO,BASELINE,roic,0.08319987862708508
panel_TMO_2023,TMO,BASELINE,fcf_margin,0.16163053876846256
panel_TMO_2023,TMO,BASELINE,net_debt_to_revenue,0.7060456868189561
panel_TMO_2023,TMO,BASELINE,owc_to_revenue,0.24353081176937255
panel_TMO_2023,TMO,BASELINE,asset_turnover,0.4341004396005105
panel_TMO_2023,TMO,BASELINE,beta,0.85
panel_TMO_2023,TMO,BASELINE,wacc,0.085
panel_TMO_2023,TMO,FILING,margin_pressure_score,0.162958125
panel_TMO_2023,TMO,FILING,supply_chain_risk_score,0.48999562500000005
panel_TMO_2023,TMO,FILING,regulatory_risk_score,0.12667875
panel_TMO_2023,TMO,FILING,litigation_risk_score,0.23252875
panel_TMO_2023,TMO,FILING,demand_uncertainty_score,0.43886625000000007
panel_TMO_2023,TMO,FILING,competitive_pressure_score,0.23048687500000004
panel_TMO_2023,TMO,FILING,liquidity_risk_score,0.28161625
panel_TMO_2023,TMO,FILING,strategic_change_score,0.23035075000000002
panel_TMO_2023,TMO,FILING,material_business_change_score,0.36024125
panel_TMO_2023,TMO,FILING,guidance_direction_score,-0.0825
panel_TMO_2023,TMO,FILING,capital_allocation_change_score,0.10835
panel_TMO_2023,TMO,FILING,management_outlook_score,0.0
panel_TMO_2023,TMO,FILING,total_risk_claims,16.0
panel_TMO_2023,TMO,FILING,high_materiality_risk_count,3.0
panel_TMO_2023,TMO,FILING,escalated_risk_count,2.0
panel_TMO_2023,TMO,FILING,net_qualitative_sentiment,-0.2727272727272727
panel_PFE_2023,PFE,BASELINE,revenue_growth_yoy,-0.4925346357021828
panel_PFE_2023,PFE,BASELINE,ebit_margin,0.020780139058019405
panel_PFE_2023,PFE,BASELINE,gross_margin,0.509879404485996
panel_PFE_2023,PFE,BASELINE,roic,0.0049852230264315475
panel_PFE_2023,PFE,BASELINE,fcf_margin,0.09413913658325804
panel_PFE_2023,PFE,BASELINE,net_debt_to_revenue,1.1969006560081707
panel_PFE_2023,PFE,BASELINE,owc_to_revenue,0.28785795655418944
panel_PFE_2023,PFE,BASELINE,asset_turnover,0.2247848795369557
panel_PFE_2023,PFE,BASELINE,beta,0.65
panel_PFE_2023,PFE,BASELINE,wacc,0.085
panel_PFE_2023,PFE,FILING,margin_pressure_score,0.10890000000000001
panel_PFE_2023,PFE,FILING,supply_chain_risk_score,0.36024125
panel_PFE_2023,PFE,FILING,regulatory_risk_score,0.10100475
panel_PFE_2023,PFE,FILING,litigation_risk_score,0.36228312500000004
panel_PFE_2023,PFE,FILING,demand_uncertainty_score,0.13489575
panel_PFE_2023,PFE,FILING,competitive_pressure_score,0.09937125000000001
panel_PFE_2023,PFE,FILING,liquidity_risk_score,0.10073250000000002
panel_PFE_2023,PFE,FILING,strategic_change_score,0.15924975
panel_PFE_2023,PFE,FILING,material_business_change_score,0.254120625
panel_PFE_2023,PFE,FILING,guidance_direction_score,0.0
panel_PFE_2023,PFE,FILING,capital_allocation_change_score,0.0
panel_PFE_2023,PFE,FILING,management_outlook_score,0.0
panel_PFE_2023,PFE,FILING,total_risk_claims,15.0
panel_PFE_2023,PFE,FILING,high_materiality_risk_count,6.0
panel_PFE_2023,PFE,FILING,escalated_risk_count,1.0
panel_PFE_2023,PFE,FILING,net_qualitative_sentiment,-0.1951219512195122
panel_MCD_2023,MCD,BASELINE,revenue_growth_yoy,0.09969114767109816
panel_MCD_2023,MCD,BASELINE,ebit_margin,0.45684620121834024
panel_MCD_2023,MCD,BASELINE,gross_margin,0.0
panel_MCD_2023,MCD,BASELINE,roic,0.20232726337154455
panel_MCD_2023,MCD,BASELINE,fcf_margin,0.2845604992606016
panel_MCD_2023,MCD,BASELINE,net_debt_to_revenue,1.3637094654757842
panel_MCD_2023,MCD,BASELINE,owc_to_revenue,-0.041190568650293996
panel_MCD_2023,MCD,BASELINE,asset_turnover,0.4540543717540447
panel_MCD_2023,MCD,BASELINE,beta,0.65
panel_MCD_2023,MCD,BASELINE,wacc,0.085
panel_MCD_2023,MCD,FILING,margin_pressure_score,0.0
panel_MCD_2023,MCD,FILING,supply_chain_risk_score,0.0
panel_MCD_2023,MCD,FILING,regulatory_risk_score,0.0
panel_MCD_2023,MCD,FILING,litigation_risk_score,0.0
panel_MCD_2023,MCD,FILING,demand_uncertainty_score,0.0
panel_MCD_2023,MCD,FILING,competitive_pressure_score,0.0
panel_MCD_2023,MCD,FILING,liquidity_risk_score,0.0
panel_MCD_2023,MCD,FILING,strategic_change_score,0.0
panel_MCD_2023,MCD,FILING,material_business_change_score,0.0
panel_MCD_2023,MCD,FILING,guidance_direction_score,0.0
panel_MCD_2023,MCD,FILING,capital_allocation_change_score,0.0
panel_MCD_2023,MCD,FILING,management_outlook_score,0.0
panel_MCD_2023,MCD,FILING,total_risk_claims,0.0
panel_MCD_2023,MCD,FILING,high_materiality_risk_count,0.0
panel_MCD_2023,MCD,FILING,escalated_risk_count,0.0
panel_MCD_2023,MCD,FILING,net_qualitative_sentiment,0.0
panel_EOG_2023,EOG,BASELINE,revenue_growth_yoy,-0.058983736674188776
panel_EOG_2023,EOG,BASELINE,ebit_margin,0.39704787893822874
panel_EOG_2023,EOG,BASELINE,gross_margin,0.0
panel_EOG_2023,EOG,BASELINE,roic,0.22909220534102145
panel_EOG_2023,EOG,BASELINE,fcf_margin,0.2462168196477301
panel_EOG_2023,EOG,BASELINE,net_debt_to_revenue,-0.06115107913669065
panel_EOG_2023,EOG,BASELINE,owc_to_revenue,0.06425204663855123
panel_EOG_2023,EOG,BASELINE,asset_turnover,0.5514741090361858
panel_EOG_2023,EOG,BASELINE,beta,1.2
panel_EOG_2023,EOG,BASELINE,wacc,0.085
panel_EOG_2023,EOG,FILING,margin_pressure_score,0.230486875
panel_EOG_2023,EOG,FILING,supply_chain_risk_score,0.18099100000000004
panel_EOG_2023,EOG,FILING,regulatory_risk_score,0.09937125000000001
panel_EOG_2023,EOG,FILING,litigation_risk_score,0.10808325000000002
panel_EOG_2023,EOG,FILING,demand_uncertainty_score,0.43886625000000007
panel_EOG_2023,EOG,FILING,competitive_pressure_score,0.17935750000000003
panel_EOG_2023,EOG,FILING,liquidity_risk_score,0.2469775
panel_EOG_2023,EOG,FILING,strategic_change_score,0.28025500000000003
panel_EOG_2023,EOG,FILING,material_business_change_score,0.10073250000000002
panel_EOG_2023,EOG,FILING,guidance_direction_score,-0.0721875
panel_EOG_2023,EOG,FILING,capital_allocation_change_score,0.23125
panel_EOG_2023,EOG,FILING,management_outlook_score,-0.61975
panel_EOG_2023,EOG,FILING,total_risk_claims,13.0
panel_EOG_2023,EOG,FILING,high_materiality_risk_count,3.0
panel_EOG_2023,EOG,FILING,escalated_risk_count,2.0
panel_EOG_2023,EOG,FILING,net_qualitative_sentiment,-0.20512820512820512
panel_MRK_2023,MRK,BASELINE,revenue_growth_yoy,0.014034377477523067
panel_MRK_2023,MRK,BASELINE,ebit_margin,0.03142310571404808
panel_MRK_2023,MRK,BASELINE,gross_margin,0.731747483989021
panel_MRK_2023,MRK,BASELINE,roic,0.019981789819705824
panel_MRK_2023,MRK,BASELINE,fcf_margin,0.15209182400399235
panel_MRK_2023,MRK,BASELINE,net_debt_to_revenue,0.4681360725276553
panel_MRK_2023,MRK,BASELINE,owc_to_revenue,0.2126757048989437
panel_MRK_2023,MRK,BASELINE,asset_turnover,0.5635340988985236
panel_MRK_2023,MRK,BASELINE,beta,0.55
panel_MRK_2023,MRK,BASELINE,wacc,0.085
panel_MRK_2023,MRK,FILING,margin_pressure_score,0.177849375
panel_MRK_2023,MRK,FILING,supply_chain_risk_score,0.23212037500000002
panel_MRK_2023,MRK,FILING,regulatory_risk_score,0.10073250000000002
panel_MRK_2023,MRK,FILING,litigation_risk_score,0.10100475
panel_MRK_2023,MRK,FILING,demand_uncertainty_score,0.514241625
panel_MRK_2023,MRK,FILING,competitive_pressure_score,0.12667875
panel_MRK_2023,MRK,FILING,liquidity_risk_score,0.10073250000000002
panel_MRK_2023,MRK,FILING,strategic_change_score,0.10073250000000002
panel_MRK_2023,MRK,FILING,material_business_change_score,0.25643312500000004
panel_MRK_2023,MRK,FILING,guidance_direction_score,0.0
panel_MRK_2023,MRK,FILING,capital_allocation_change_score,0.0
panel_MRK_2023,MRK,FILING,management_outlook_score,-0.772375
panel_MRK_2023,MRK,FILING,total_risk_claims,16.0
panel_MRK_2023,MRK,FILING,high_materiality_risk_count,1.0
panel_MRK_2023,MRK,FILING,escalated_risk_count,0.0
panel_MRK_2023,MRK,FILING,net_qualitative_sentiment,-0.32558139534883723
panel_CVX_2023,CVX,BASELINE,revenue_growth_yoy,-0.16462113466572204
panel_CVX_2023,CVX,BASELINE,ebit_margin,0.15023893800815588
panel_CVX_2023,CVX,BASELINE,gross_margin,0.39467683697876726
panel_CVX_2023,CVX,BASELINE,roic,0.09927137932553325
panel_CVX_2023,CVX,BASELINE,fcf_margin,0.1004504527380112
panel_CVX_2023,CVX,BASELINE,net_debt_to_revenue,0.06997506513028597
panel_CVX_2023,CVX,BASELINE,owc_to_revenue,0.029601905410003404
panel_CVX_2023,CVX,BASELINE,asset_turnover,0.7526334699119374
panel_CVX_2023,CVX,BASELINE,beta,0.9
panel_CVX_2023,CVX,BASELINE,wacc,0.085
panel_CVX_2023,CVX,FILING,margin_pressure_score,0.0
panel_CVX_2023,CVX,FILING,supply_chain_risk_score,0.0
panel_CVX_2023,CVX,FILING,regulatory_risk_score,0.10685812500000001
panel_CVX_2023,CVX,FILING,litigation_risk_score,0.4059333333333333
panel_CVX_2023,CVX,FILING,demand_uncertainty_score,0.0
panel_CVX_2023,CVX,FILING,competitive_pressure_score,0.0
panel_CVX_2023,CVX,FILING,liquidity_risk_score,0.10073250000000002
panel_CVX_2023,CVX,FILING,strategic_change_score,0.10073250000000002
panel_CVX_2023,CVX,FILING,material_business_change_score,0.0
panel_CVX_2023,CVX,FILING,guidance_direction_score,-0.0763125
panel_CVX_2023,CVX,FILING,capital_allocation_change_score,0.0
panel_CVX_2023,CVX,FILING,management_outlook_score,0.0
panel_CVX_2023,CVX,FILING,total_risk_claims,2.0
panel_CVX_2023,CVX,FILING,high_materiality_risk_count,2.0
panel_CVX_2023,CVX,FILING,escalated_risk_count,0.0
panel_CVX_2023,CVX,FILING,net_qualitative_sentiment,0.0
panel_XOM_2023,XOM,BASELINE,revenue_growth_yoy,-0.16703248888029396
panel_XOM_2023,XOM,BASELINE,ebit_margin,0.15317979464974954
panel_XOM_2023,XOM,BASELINE,gross_margin,0.0
panel_XOM_2023,XOM,BASELINE,roic,0.13484370995281875
panel_XOM_2023,XOM,BASELINE,fcf_margin,0.0970741361998015
panel_XOM_2023,XOM,BASELINE,net_debt_to_revenue,0.028884271378075466
panel_XOM_2023,XOM,BASELINE,owc_to_revenue,-0.08050623654166497
panel_XOM_2023,XOM,BASELINE,asset_turnover,0.9156695020421612
panel_XOM_2023,XOM,BASELINE,beta,0.95
panel_XOM_2023,XOM,BASELINE,wacc,0.085
panel_XOM_2023,XOM,FILING,margin_pressure_score,0.230486875
panel_XOM_2023,XOM,FILING,supply_chain_risk_score,0.10073250000000002
panel_XOM_2023,XOM,FILING,regulatory_risk_score,0.36024125
panel_XOM_2023,XOM,FILING,litigation_risk_score,0.23307325
panel_XOM_2023,XOM,FILING,demand_uncertainty_score,0.28161625000000007
panel_XOM_2023,XOM,FILING,competitive_pressure_score,0.10073250000000002
panel_XOM_2023,XOM,FILING,liquidity_risk_score,0.46847766666666674
panel_XOM_2023,XOM,FILING,strategic_change_score,0.10073250000000002
panel_XOM_2023,XOM,FILING,material_business_change_score,0.30911187500000004
panel_XOM_2023,XOM,FILING,guidance_direction_score,0.0
panel_XOM_2023,XOM,FILING,capital_allocation_change_score,0.10725000000000001
panel_XOM_2023,XOM,FILING,management_outlook_score,0.0
panel_XOM_2023,XOM,FILING,total_risk_claims,13.0
panel_XOM_2023,XOM,FILING,high_materiality_risk_count,4.0
panel_XOM_2023,XOM,FILING,escalated_risk_count,1.0
panel_XOM_2023,XOM,FILING,net_qualitative_sentiment,-0.175
panel_HD_2023,HD,BASELINE,revenue_growth_yoy,-0.03007566564804991
panel_HD_2023,HD,BASELINE,ebit_margin,0.1420655142825328
panel_HD_2023,HD,BASELINE,gross_margin,0.33379402498215094
panel_HD_2023,HD,BASELINE,roic,0.3253523990375926
panel_HD_2023,HD,BASELINE,fcf_margin,0.11754842174901257
panel_HD_2023,HD,BASELINE,net_debt_to_revenue,0.26430382068396335
panel_HD_2023,HD,BASELINE,owc_to_revenue,0.09345053678218891
panel_HD_2023,HD,BASELINE,asset_turnover,1.994890892460473
panel_HD_2023,HD,BASELINE,beta,1.0
panel_HD_2023,HD,BASELINE,wacc,0.085
panel_HD_2023,HD,FILING,margin_pressure_score,0.15670875
panel_HD_2023,HD,FILING,supply_chain_risk_score,0.10073250000000002
panel_HD_2023,HD,FILING,regulatory_risk_score,0.5171625000000001
panel_HD_2023,HD,FILING,litigation_risk_score,0.524291625
panel_HD_2023,HD,FILING,demand_uncertainty_score,0.29409137500000004
panel_HD_2023,HD,FILING,competitive_pressure_score,0.10073250000000002
panel_HD_2023,HD,FILING,liquidity_risk_score,0.10073250000000002
panel_HD_2023,HD,FILING,strategic_change_score,0.4152325000000001
panel_HD_2023,HD,FILING,material_business_change_score,0.0
panel_HD_2023,HD,FILING,guidance_direction_score,0.0
panel_HD_2023,HD,FILING,capital_allocation_change_score,0.0812625
panel_HD_2023,HD,FILING,management_outlook_score,0.30525
panel_HD_2023,HD,FILING,total_risk_claims,5.0
panel_HD_2023,HD,FILING,high_materiality_risk_count,3.0
panel_HD_2023,HD,FILING,escalated_risk_count,0.0
panel_HD_2023,HD,FILING,net_qualitative_sentiment,-0.058823529411764705
panel_WMT_2024,WMT,BASELINE,revenue_growth_yoy,0.06066537818482507
panel_WMT_2024,WMT,BASELINE,ebit_margin,0.04203306065477089
panel_WMT_2024,WMT,BASELINE,gross_margin,0.23729570504032604
panel_WMT_2024,WMT,BASELINE,roic,0.13404624147830274
panel_WMT_2024,WMT,BASELINE,fcf_margin,0.023528057052426176
panel_WMT_2024,WMT,BASELINE,net_debt_to_revenue,0.046234499414132706
panel_WMT_2024,WMT,BASELINE,owc_to_revenue,0.010699664040508094
panel_WMT_2024,WMT,BASELINE,asset_turnover,2.5461154758933278
panel_WMT_2024,WMT,BASELINE,beta,0.55
panel_WMT_2024,WMT,BASELINE,wacc,0.085
panel_WMT_2024,WMT,FILING,margin_pressure_score,0.20530375000000003
panel_WMT_2024,WMT,FILING,supply_chain_risk_score,0.10236600000000001
panel_WMT_2024,WMT,FILING,regulatory_risk_score,0.10440787500000001
panel_WMT_2024,WMT,FILING,litigation_risk_score,0.103046625
panel_WMT_2024,WMT,FILING,demand_uncertainty_score,0.10644975000000001
panel_WMT_2024,WMT,FILING,competitive_pressure_score,0.10073250000000002
panel_WMT_2024,WMT,FILING,liquidity_risk_score,0.10236600000000001
panel_WMT_2024,WMT,FILING,strategic_change_score,0.153087
panel_WMT_2024,WMT,FILING,material_business_change_score,0.4365537500000001
panel_WMT_2024,WMT,FILING,guidance_direction_score,0.0763125
panel_WMT_2024,WMT,FILING,capital_allocation_change_score,-0.0763125
panel_WMT_2024,WMT,FILING,management_outlook_score,0.0
panel_WMT_2024,WMT,FILING,total_risk_claims,9.0
panel_WMT_2024,WMT,FILING,high_materiality_risk_count,4.0
panel_WMT_2024,WMT,FILING,escalated_risk_count,0.0
panel_WMT_2024,WMT,FILING,net_qualitative_sentiment,-0.05263157894736842
panel_LOW_2023,LOW,BASELINE,revenue_growth_yoy,-0.11005676959375225
panel_LOW_2023,LOW,BASELINE,ebit_margin,0.1337971913819651
panel_LOW_2023,LOW,BASELINE,gross_margin,0.3339314863910532
panel_LOW_2023,LOW,BASELINE,roic,0.36072549999298054
panel_LOW_2023,LOW,BASELINE,fcf_margin,0.07150051518344004
panel_LOW_2023,LOW,BASELINE,net_debt_to_revenue,0.4034523079060398
panel_LOW_2023,LOW,BASELINE,owc_to_revenue,0.09481690727855795
panel_LOW_2023,LOW,BASELINE,asset_turnover,2.066682617537983
panel_LOW_2023,LOW,BASELINE,beta,1.05
panel_LOW_2023,LOW,BASELINE,wacc,0.085
panel_LOW_2023,LOW,FILING,margin_pressure_score,0.26206625000000006
panel_LOW_2023,LOW,FILING,supply_chain_risk_score,0.10073250000000002
panel_LOW_2023,LOW,FILING,regulatory_risk_score,0.230486875
panel_LOW_2023,LOW,FILING,litigation_risk_score,0.38401662500000006
panel_LOW_2023,LOW,FILING,demand_uncertainty_score,0.1567995
panel_LOW_2023,LOW,FILING,competitive_pressure_score,0.238024375
panel_LOW_2023,LOW,FILING,liquidity_risk_score,0.10073250000000002
panel_LOW_2023,LOW,FILING,strategic_change_score,0.61975
panel_LOW_2023,LOW,FILING,material_business_change_score,0.22211187500000001
panel_LOW_2023,LOW,FILING,guidance_direction_score,0.0763125
panel_LOW_2023,LOW,FILING,capital_allocation_change_score,0.0763125
panel_LOW_2023,LOW,FILING,management_outlook_score,0.0
panel_LOW_2023,LOW,FILING,total_risk_claims,8.0
panel_LOW_2023,LOW,FILING,high_materiality_risk_count,1.0
panel_LOW_2023,LOW,FILING,escalated_risk_count,2.0
panel_LOW_2023,LOW,FILING,net_qualitative_sentiment,0.0
panel_NKE_2024,NKE,BASELINE,revenue_growth_yoy,0.0028310912392369722
panel_NKE_2024,NKE,BASELINE,ebit_margin,0.13044663369806472
panel_NKE_2024,NKE,BASELINE,gross_margin,0.445601806783225
panel_NKE_2024,NKE,BASELINE,roic,0.2886733686156339
panel_NKE_2024,NKE,BASELINE,fcf_margin,0.12883065301195437
panel_NKE_2024,NKE,BASELINE,net_debt_to_revenue,-0.018632452007320586
panel_NKE_2024,NKE,BASELINE,owc_to_revenue,0.03068416338927612
panel_NKE_2024,NKE,BASELINE,asset_turnover,1.347730254526371
panel_NKE_2024,NKE,BASELINE,beta,1.05
panel_NKE_2024,NKE,BASELINE,wacc,0.085
panel_NKE_2024,NKE,FILING,margin_pressure_score,0.3861875000000001
panel_NKE_2024,NKE,FILING,supply_chain_risk_score,0.229125625
panel_NKE_2024,NKE,FILING,regulatory_risk_score,0.229125625
panel_NKE_2024,NKE,FILING,litigation_risk_score,0.10563300000000003
panel_NKE_2024,NKE,FILING,demand_uncertainty_score,0.23048687500000004
panel_NKE_2024,NKE,FILING,competitive_pressure_score,0.09937125000000002
panel_NKE_2024,NKE,FILING,liquidity_risk_score,0.212705125
panel_NKE_2024,NKE,FILING,strategic_change_score,0.173855
panel_NKE_2024,NKE,FILING,material_business_change_score,0.0
panel_NKE_2024,NKE,FILING,guidance_direction_score,-0.23125
panel_NKE_2024,NKE,FILING,capital_allocation_change_score,-0.162525
panel_NKE_2024,NKE,FILING,management_outlook_score,0.0
panel_NKE_2024,NKE,FILING,total_risk_claims,9.0
panel_NKE_2024,NKE,FILING,high_materiality_risk_count,2.0
panel_NKE_2024,NKE,FILING,escalated_risk_count,0.0
panel_NKE_2024,NKE,FILING,net_qualitative_sentiment,-0.1891891891891892
panel_MSFT_2024,MSFT,BASELINE,revenue_growth_yoy,0.15669962013071279
panel_MSFT_2024,MSFT,BASELINE,ebit_margin,0.44644299573273716
panel_MSFT_2024,MSFT,BASELINE,gross_margin,0.6976444382797138
panel_MSFT_2024,MSFT,BASELINE,roic,0.27567631327534153
panel_MSFT_2024,MSFT,BASELINE,fcf_margin,0.3021801388696241
panel_MSFT_2024,MSFT,BASELINE,net_debt_to_revenue,0.10860714256574278
panel_MSFT_2024,MSFT,BASELINE,owc_to_revenue,0.14757549301980238
panel_MSFT_2024,MSFT,BASELINE,asset_turnover,0.47860153896318164
panel_MSFT_2024,MSFT,BASELINE,beta,1.05
panel_MSFT_2024,MSFT,BASELINE,wacc,0.085
panel_MSFT_2024,MSFT,FILING,margin_pressure_score,0.10481625000000001
panel_MSFT_2024,MSFT,FILING,supply_chain_risk_score,0.15186187500000004
panel_MSFT_2024,MSFT,FILING,regulatory_risk_score,0.10073250000000002
panel_MSFT_2024,MSFT,FILING,litigation_risk_score,0.362147
panel_MSFT_2024,MSFT,FILING,demand_uncertainty_score,0.230486875
panel_MSFT_2024,MSFT,FILING,competitive_pressure_score,0.10073250000000002
panel_MSFT_2024,MSFT,FILING,liquidity_risk_score,0.105633
panel_MSFT_2024,MSFT,FILING,strategic_change_score,0.10073250000000002
panel_MSFT_2024,MSFT,FILING,material_business_change_score,0.28025500000000003
panel_MSFT_2024,MSFT,FILING,guidance_direction_score,0.0763125
panel_MSFT_2024,MSFT,FILING,capital_allocation_change_score,0.05193375
panel_MSFT_2024,MSFT,FILING,management_outlook_score,0.0
panel_MSFT_2024,MSFT,FILING,total_risk_claims,8.0
panel_MSFT_2024,MSFT,FILING,high_materiality_risk_count,4.0
panel_MSFT_2024,MSFT,FILING,escalated_risk_count,1.0
panel_MSFT_2024,MSFT,FILING,net_qualitative_sentiment,-0.024390243902439025
panel_PG_2024,PG,BASELINE,revenue_growth_yoy,0.024790868960807746
panel_PG_2024,PG,BASELINE,ebit_margin,0.22067135496614668
panel_PG_2024,PG,BASELINE,gross_margin,0.5139399564487916
panel_PG_2024,PG,BASELINE,roic,0.18064280723891185
panel_PG_2024,PG,BASELINE,fcf_margin,0.19662299646592654
panel_PG_2024,PG,BASELINE,net_debt_to_revenue,0.2335225312057497
panel_PG_2024,PG,BASELINE,owc_to_revenue,-0.026535299087328504
panel_PG_2024,PG,BASELINE,asset_turnover,0.6867614611424369
panel_PG_2024,PG,BASELINE,beta,0.45
panel_PG_2024,PG,BASELINE,wacc,0.085
panel_PG_2024,PG,FILING,margin_pressure_score,0.38206249999999997
panel_PG_2024,PG,FILING,supply_chain_risk_score,0.235387375
panel_PG_2024,PG,FILING,regulatory_risk_score,0.10073250000000002
panel_PG_2024,PG,FILING,litigation_risk_score,0.29258333333333336
panel_PG_2024,PG,FILING,demand_uncertainty_score,0.5443498750000001
panel_PG_2024,PG,FILING,competitive_pressure_score,0.28270525
panel_PG_2024,PG,FILING,liquidity_risk_score,0.23707750000000002
panel_PG_2024,PG,FILING,strategic_change_score,0.10318275
panel_PG_2024,PG,FILING,material_business_change_score,0.33274562500000004
panel_PG_2024,PG,FILING,guidance_direction_score,0.0699375
panel_PG_2024,PG,FILING,capital_allocation_change_score,0.0
panel_PG_2024,PG,FILING,management_outlook_score,-0.11
panel_PG_2024,PG,FILING,total_risk_claims,14.0
panel_PG_2024,PG,FILING,high_materiality_risk_count,5.0
panel_PG_2024,PG,FILING,escalated_risk_count,0.0
panel_PG_2024,PG,FILING,net_qualitative_sentiment,-0.15555555555555556
panel_CSCO_2024,CSCO,BASELINE,revenue_growth_yoy,-0.05605459840696165
panel_CSCO_2024,CSCO,BASELINE,ebit_margin,0.22640001486905934
panel_CSCO_2024,CSCO,BASELINE,gross_margin,0.6473244986339052
panel_CSCO_2024,CSCO,BASELINE,roic,0.1478863546827283
panel_CSCO_2024,CSCO,BASELINE,fcf_margin,0.18976636990502388
panel_CSCO_2024,CSCO,BASELINE,net_debt_to_revenue,0.23420627102577923
panel_CSCO_2024,CSCO,BASELINE,owc_to_revenue,0.14411835771239523
panel_CSCO_2024,CSCO,BASELINE,asset_turnover,0.4324548077773223
panel_CSCO_2024,CSCO,BASELINE,beta,0.9
panel_CSCO_2024,CSCO,BASELINE,wacc,0.085
panel_CSCO_2024,CSCO,FILING,margin_pressure_score,0.10685812500000001
panel_CSCO_2024,CSCO,FILING,supply_chain_risk_score,0.15186187500000004
panel_CSCO_2024,CSCO,FILING,regulatory_risk_score,0.24053687500000004
panel_CSCO_2024,CSCO,FILING,litigation_risk_score,0.16048725
panel_CSCO_2024,CSCO,FILING,demand_uncertainty_score,0.10236600000000001
panel_CSCO_2024,CSCO,FILING,competitive_pressure_score,0.0
panel_CSCO_2024,CSCO,FILING,liquidity_risk_score,0.151861875
panel_CSCO_2024,CSCO,FILING,strategic_change_score,0.20271900000000004
panel_CSCO_2024,CSCO,FILING,material_business_change_score,0.10073250000000002
panel_CSCO_2024,CSCO,FILING,guidance_direction_score,0.0
panel_CSCO_2024,CSCO,FILING,capital_allocation_change_score,0.0
panel_CSCO_2024,CSCO,FILING,management_outlook_score,0.0
panel_CSCO_2024,CSCO,FILING,total_risk_claims,11.0
panel_CSCO_2024,CSCO,FILING,high_materiality_risk_count,6.0
panel_CSCO_2024,CSCO,FILING,escalated_risk_count,0.0
panel_CSCO_2024,CSCO,FILING,net_qualitative_sentiment,-0.2
panel_COST_2024,COST,BASELINE,revenue_growth_yoy,0.05020017334599034
panel_COST_2024,COST,BASELINE,ebit_margin,0.036490039417888566
panel_COST_2024,COST,BASELINE,gross_margin,0.1261333134213391
panel_COST_2024,COST,BASELINE,roic,0.2965982640467338
panel_COST_2024,COST,BASELINE,fcf_margin,0.026051962444930892
panel_COST_2024,COST,BASELINE,net_debt_to_revenue,-0.015755365430944024
panel_COST_2024,COST,BASELINE,owc_to_revenue,0.007651707781004743
panel_COST_2024,COST,BASELINE,asset_turnover,3.6438401283097765
panel_COST_2024,COST,BASELINE,beta,0.8
panel_COST_2024,COST,BASELINE,wacc,0.085
panel_COST_2024,COST,FILING,margin_pressure_score,0.25798250000000006
panel_COST_2024,COST,FILING,supply_chain_risk_score,0.22537887500000003
panel_COST_2024,COST,FILING,regulatory_risk_score,0.3768875
panel_COST_2024,COST,FILING,litigation_risk_score,0.24380387500000003
panel_COST_2024,COST,FILING,demand_uncertainty_score,0.10440787500000001
panel_COST_2024,COST,FILING,competitive_pressure_score,0.10318275
panel_COST_2024,COST,FILING,liquidity_risk_score,0.43655375
panel_COST_2024,COST,FILING,strategic_change_score,0.10073250000000002
panel_COST_2024,COST,FILING,material_business_change_score,0.0
panel_COST_2024,COST,FILING,guidance_direction_score,0.30833333333333335
panel_COST_2024,COST,FILING,capital_allocation_change_score,0.0763125
panel_COST_2024,COST,FILING,management_outlook_score,0.0
panel_COST_2024,COST,FILING,total_risk_claims,8.0
panel_COST_2024,COST,FILING,high_materiality_risk_count,1.0
panel_COST_2024,COST,FILING,escalated_risk_count,0.0
panel_COST_2024,COST,FILING,net_qualitative_sentiment,-0.08333333333333333
panel_AAPL_2024,AAPL,BASELINE,revenue_growth_yoy,0.020219940775141214
panel_AAPL_2024,AAPL,BASELINE,ebit_margin,0.31510222870075566
panel_AAPL_2024,AAPL,BASELINE,gross_margin,0.4620634981523393
panel_AAPL_2024,AAPL,BASELINE,roic,0.5244445737776701
panel_AAPL_2024,AAPL,BASELINE,fcf_margin,0.27825386474356517
panel_AAPL_2024,AAPL,BASELINE,net_debt_to_revenue,0.17062155561522627
panel_AAPL_2024,AAPL,BASELINE,owc_to_revenue,-0.07227997493830475
panel_AAPL_2024,AAPL,BASELINE,asset_turnover,1.0713874732862074
panel_AAPL_2024,AAPL,BASELINE,beta,1.1
panel_AAPL_2024,AAPL,BASELINE,wacc,0.085
panel_AAPL_2024,AAPL,FILING,margin_pressure_score,0.17176019230769232
panel_AAPL_2024,AAPL,FILING,supply_chain_risk_score,0.6499
panel_AAPL_2024,AAPL,FILING,regulatory_risk_score,0.5398871153846154
panel_AAPL_2024,AAPL,FILING,litigation_risk_score,0.651575
panel_AAPL_2024,AAPL,FILING,demand_uncertainty_score,0.18563275
panel_AAPL_2024,AAPL,FILING,competitive_pressure_score,0.230486875
panel_AAPL_2024,AAPL,FILING,liquidity_risk_score,0.105633
panel_AAPL_2024,AAPL,FILING,strategic_change_score,0.10073250000000002
panel_AAPL_2024,AAPL,FILING,material_business_change_score,0.10073250000000002
panel_AAPL_2024,AAPL,FILING,guidance_direction_score,0.0763125
panel_AAPL_2024,AAPL,FILING,capital_allocation_change_score,0.0
panel_AAPL_2024,AAPL,FILING,management_outlook_score,0.0
panel_AAPL_2024,AAPL,FILING,total_risk_claims,31.0
panel_AAPL_2024,AAPL,FILING,high_materiality_risk_count,1.0
panel_AAPL_2024,AAPL,FILING,escalated_risk_count,1.0
panel_AAPL_2024,AAPL,FILING,net_qualitative_sentiment,-0.49056603773584906
