ticker,current_accession,previous_accession,category,change_type,direction_shift,severity_shift,materiality,summary
AAPL,0000320193-24-000123,0000320193-23-000106,CAPITAL_ALLOCATION_CHANGE,PERSISTENT,NEUTRAL == NEUTRAL,LOW == LOW,LOW,Persistent capital allocation change disclosure maintained.
AAPL,0000320193-24-000123,0000320193-23-000106,COMPETITIVE_PRESSURE,MODIFIED,NEUTRAL -> POSITIVE,LOW -> LOW,LOW,Directional shift in competitive pressure (NEUTRAL -> POSITIVE).
AAPL,0000320193-24-000123,0000320193-23-000106,DEMAND_UNCERTAINTY,PERSISTENT,NEUTRAL == NEUTRAL,LOW == LOW,LOW,Persistent demand uncertainty disclosure maintained.
AAPL,0000320193-24-000123,0000320193-23-000106,GUIDANCE_DIRECTION,ESCALATED,NEUTRAL -> NEUTRAL,LOW -> HIGH,MEDIUM,Escalated severity in guidance direction (LOW -> HIGH).
AAPL,0000320193-24-000123,0000320193-23-000106,LIQUIDITY_RISK,PERSISTENT,NEGATIVE == NEGATIVE,LOW == LOW,LOW,Persistent liquidity risk disclosure maintained.
AAPL,0000320193-24-000123,0000320193-23-000106,LITIGATION_RISK,PERSISTENT,NEGATIVE == NEGATIVE,HIGH == HIGH,MEDIUM,Persistent litigation risk disclosure maintained.
AAPL,0000320193-24-000123,0000320193-23-000106,MANAGEMENT_OUTLOOK,PERSISTENT,NEUTRAL == NEUTRAL,LOW == LOW,LOW,Persistent management outlook disclosure maintained.
AAPL,0000320193-24-000123,0000320193-23-000106,MARGIN_PRESSURE,PERSISTENT,MIXED == MIXED,HIGH == HIGH,MEDIUM,Persistent margin pressure disclosure maintained.
AAPL,0000320193-24-000123,0000320193-23-000106,MATERIAL_BUSINESS_CHANGE,PERSISTENT,NEGATIVE == NEGATIVE,LOW == LOW,LOW,Persistent material business change disclosure maintained.
AAPL,0000320193-24-000123,0000320193-23-000106,REGULATORY_RISK,PERSISTENT,NEUTRAL == NEUTRAL,LOW == LOW,LOW,Persistent regulatory risk disclosure maintained.
AAPL,0000320193-24-000123,0000320193-23-000106,STRATEGIC_CHANGE,PERSISTENT,POSITIVE == POSITIVE,LOW == LOW,LOW,Persistent strategic change disclosure maintained.
AAPL,0000320193-24-000123,0000320193-23-000106,SUPPLY_CHAIN_RISK,PERSISTENT,NEUTRAL == NEUTRAL,HIGH == HIGH,MEDIUM,Persistent supply chain risk disclosure maintained.
MSFT,0000950170-24-087843,0000950170-23-035122,CAPITAL_ALLOCATION_CHANGE,MODIFIED,POSITIVE -> NEUTRAL,LOW -> LOW,LOW,Directional shift in capital allocation change (POSITIVE -> NEUTRAL).
MSFT,0000950170-24-087843,0000950170-23-035122,COMPETITIVE_PRESSURE,MODIFIED,NEUTRAL -> POSITIVE,LOW -> LOW,LOW,Directional shift in competitive pressure (NEUTRAL -> POSITIVE).
MSFT,0000950170-24-087843,0000950170-23-035122,DEMAND_UNCERTAINTY,PERSISTENT,NEUTRAL == NEUTRAL,LOW == LOW,LOW,Persistent demand uncertainty disclosure maintained.
MSFT,0000950170-24-087843,0000950170-23-035122,GUIDANCE_DIRECTION,MODIFIED,NEUTRAL -> POSITIVE,LOW -> LOW,LOW,Directional shift in guidance direction (NEUTRAL -> POSITIVE).
MSFT,0000950170-24-087843,0000950170-23-035122,LIQUIDITY_RISK,PERSISTENT,NEGATIVE == NEGATIVE,LOW == LOW,LOW,Persistent liquidity risk disclosure maintained.
MSFT,0000950170-24-087843,0000950170-23-035122,LITIGATION_RISK,ESCALATED,POSITIVE -> NEGATIVE,LOW -> HIGH,MEDIUM,Escalated severity in litigation risk (LOW -> HIGH).
MSFT,0000950170-24-087843,0000950170-23-035122,MANAGEMENT_OUTLOOK,RESOLVED,NEUTRAL -> NONE,LOW -> NONE,LOW,Prior management outlook disclosure omitted or resolved.
MSFT,0000950170-24-087843,0000950170-23-035122,MARGIN_PRESSURE,PERSISTENT,NEUTRAL == NEUTRAL,LOW == LOW,LOW,Persistent margin pressure disclosure maintained.
MSFT,0000950170-24-087843,0000950170-23-035122,MATERIAL_BUSINESS_CHANGE,PERSISTENT,NEGATIVE == NEGATIVE,LOW == LOW,LOW,Persistent material business change disclosure maintained.
MSFT,0000950170-24-087843,0000950170-23-035122,REGULATORY_RISK,MODIFIED,POSITIVE -> NEUTRAL,LOW -> LOW,LOW,Directional shift in regulatory risk (POSITIVE -> NEUTRAL).
MSFT,0000950170-24-087843,0000950170-23-035122,STRATEGIC_CHANGE,PERSISTENT,NEUTRAL == NEUTRAL,LOW == LOW,LOW,Persistent strategic change disclosure maintained.
MSFT,0000950170-24-087843,0000950170-23-035122,SUPPLY_CHAIN_RISK,PERSISTENT,NEUTRAL == NEUTRAL,LOW == LOW,HIGH,Persistent supply chain risk disclosure maintained.
NVDA,0001045810-24-000029,0001045810-23-000017,CAPITAL_ALLOCATION_CHANGE,PERSISTENT,NEUTRAL == NEUTRAL,LOW == LOW,HIGH,Persistent capital allocation change disclosure maintained.
NVDA,0001045810-24-000029,0001045810-23-000017,COMPETITIVE_PRESSURE,ESCALATED,POSITIVE -> NEUTRAL,LOW -> HIGH,MEDIUM,Escalated severity in competitive pressure (LOW -> HIGH).
NVDA,0001045810-24-000029,0001045810-23-000017,DEMAND_UNCERTAINTY,MODIFIED,NEGATIVE -> NEUTRAL,LOW -> LOW,LOW,Directional shift in demand uncertainty (NEGATIVE -> NEUTRAL).
NVDA,0001045810-24-000029,0001045810-23-000017,GUIDANCE_DIRECTION,PERSISTENT,NEUTRAL == NEUTRAL,LOW == LOW,LOW,Persistent guidance direction disclosure maintained.
NVDA,0001045810-24-000029,0001045810-23-000017,LIQUIDITY_RISK,MODIFIED,NEUTRAL -> POSITIVE,LOW -> LOW,LOW,Directional shift in liquidity risk (NEUTRAL -> POSITIVE).
NVDA,0001045810-24-000029,0001045810-23-000017,LITIGATION_RISK,PERSISTENT,NEUTRAL == NEUTRAL,LOW == LOW,LOW,Persistent litigation risk disclosure maintained.
NVDA,0001045810-24-000029,0001045810-23-000017,MARGIN_PRESSURE,MODIFIED,POSITIVE -> NEUTRAL,LOW -> LOW,LOW,Directional shift in margin pressure (POSITIVE -> NEUTRAL).
NVDA,0001045810-24-000029,0001045810-23-000017,REGULATORY_RISK,PERSISTENT,NEUTRAL == NEUTRAL,HIGH == HIGH,MEDIUM,Persistent regulatory risk disclosure maintained.
NVDA,0001045810-24-000029,0001045810-23-000017,STRATEGIC_CHANGE,MODIFIED,NEUTRAL -> POSITIVE,LOW -> LOW,LOW,Directional shift in strategic change (NEUTRAL -> POSITIVE).
NVDA,0001045810-24-000029,0001045810-23-000017,SUPPLY_CHAIN_RISK,PERSISTENT,NEUTRAL == NEUTRAL,LOW == LOW,LOW,Persistent supply chain risk disclosure maintained.
INTC,0000050863-24-000010,0000050863-23-000006,LIQUIDITY_RISK,PERSISTENT,NEGATIVE == NEGATIVE,CRITICAL == CRITICAL,HIGH,Persistent liquidity risk disclosure maintained.
INTC,0000050863-24-000010,0000050863-23-000006,LITIGATION_RISK,MODIFIED,NEGATIVE -> NEUTRAL,LOW -> LOW,LOW,Directional shift in litigation risk (NEGATIVE -> NEUTRAL).
CSCO,0000858877-24-000017,0000858877-23-000023,CAPITAL_ALLOCATION_CHANGE,PERSISTENT,POSITIVE == POSITIVE,LOW == LOW,LOW,Persistent capital allocation change disclosure maintained.
CSCO,0000858877-24-000017,0000858877-23-000023,DEMAND_UNCERTAINTY,PERSISTENT,NEGATIVE == NEGATIVE,LOW == LOW,LOW,Persistent demand uncertainty disclosure maintained.
CSCO,0000858877-24-000017,0000858877-23-000023,GUIDANCE_DIRECTION,PERSISTENT,NEUTRAL == NEUTRAL,LOW == LOW,LOW,Persistent guidance direction disclosure maintained.
CSCO,0000858877-24-000017,0000858877-23-000023,LIQUIDITY_RISK,PERSISTENT,NEUTRAL == NEUTRAL,LOW == LOW,LOW,Persistent liquidity risk disclosure maintained.
CSCO,0000858877-24-000017,0000858877-23-000023,LITIGATION_RISK,PERSISTENT,NEGATIVE == NEGATIVE,LOW == LOW,LOW,Persistent litigation risk disclosure maintained.
CSCO,0000858877-24-000017,0000858877-23-000023,MANAGEMENT_OUTLOOK,PERSISTENT,NEUTRAL == NEUTRAL,LOW == LOW,LOW,Persistent management outlook disclosure maintained.
CSCO,0000858877-24-000017,0000858877-23-000023,MARGIN_PRESSURE,PERSISTENT,NEUTRAL == NEUTRAL,LOW == LOW,LOW,Persistent margin pressure disclosure maintained.
CSCO,0000858877-24-000017,0000858877-23-000023,MATERIAL_BUSINESS_CHANGE,PERSISTENT,NEGATIVE == NEGATIVE,LOW == LOW,LOW,Persistent material business change disclosure maintained.
CSCO,0000858877-24-000017,0000858877-23-000023,REGULATORY_RISK,PERSISTENT,NEGATIVE == NEGATIVE,LOW == LOW,LOW,Persistent regulatory risk disclosure maintained.
CSCO,0000858877-24-000017,0000858877-23-000023,STRATEGIC_CHANGE,PERSISTENT,NEUTRAL == NEUTRAL,LOW == LOW,LOW,Persistent strategic change disclosure maintained.
CSCO,0000858877-24-000017,0000858877-23-000023,SUPPLY_CHAIN_RISK,MODIFIED,NEUTRAL -> MIXED,LOW -> LOW,LOW,Directional shift in supply chain risk (NEUTRAL -> MIXED).
JNJ,0000200406-24-000013,0000200406-23-000016,COMPETITIVE_PRESSURE,MODIFIED,NEUTRAL -> POSITIVE,LOW -> LOW,LOW,Directional shift in competitive pressure (NEUTRAL -> POSITIVE).
JNJ,0000200406-24-000013,0000200406-23-000016,DEMAND_UNCERTAINTY,ESCALATED,NEGATIVE -> MIXED,LOW -> HIGH,MEDIUM,Escalated severity in demand uncertainty (LOW -> HIGH).
JNJ,0000200406-24-000013,0000200406-23-000016,GUIDANCE_DIRECTION,MODIFIED,NEGATIVE -> MIXED,LOW -> LOW,LOW,Directional shift in guidance direction (NEGATIVE -> MIXED).
JNJ,0000200406-24-000013,0000200406-23-000016,LIQUIDITY_RISK,PERSISTENT,NEGATIVE == NEGATIVE,HIGH == HIGH,MEDIUM,Persistent liquidity risk disclosure maintained.
JNJ,0000200406-24-000013,0000200406-23-000016,LITIGATION_RISK,PERSISTENT,NEGATIVE == NEGATIVE,LOW == LOW,LOW,Persistent litigation risk disclosure maintained.
JNJ,0000200406-24-000013,0000200406-23-000016,MARGIN_PRESSURE,PERSISTENT,POSITIVE == POSITIVE,LOW == LOW,MEDIUM,Persistent margin pressure disclosure maintained.
JNJ,0000200406-24-000013,0000200406-23-000016,REGULATORY_RISK,PERSISTENT,NEUTRAL == NEUTRAL,LOW == LOW,LOW,Persistent regulatory risk disclosure maintained.
JNJ,0000200406-24-000013,0000200406-23-000016,STRATEGIC_CHANGE,NEW,NONE -> POSITIVE,NONE -> LOW,LOW,New strategic change disclosure identified in current period.
JNJ,0000200406-24-000013,0000200406-23-000016,SUPPLY_CHAIN_RISK,MODIFIED,NEGATIVE -> NEUTRAL,LOW -> LOW,LOW,Directional shift in supply chain risk (NEGATIVE -> NEUTRAL).
PFE,0000078003-24-000039,0000078003-23-000024,CAPITAL_ALLOCATION_CHANGE,MODIFIED,MIXED -> NEUTRAL,LOW -> LOW,LOW,Directional shift in capital allocation change (MIXED -> NEUTRAL).
PFE,0000078003-24-000039,0000078003-23-000024,COMPETITIVE_PRESSURE,MODIFIED,NEGATIVE -> NEUTRAL,HIGH -> LOW,LOW,Directional shift in competitive pressure (NEGATIVE -> NEUTRAL).
PFE,0000078003-24-000039,0000078003-23-000024,DEMAND_UNCERTAINTY,MODIFIED,POSITIVE -> NEGATIVE,LOW -> LOW,MEDIUM,Directional shift in demand uncertainty (POSITIVE -> NEGATIVE).
PFE,0000078003-24-000039,0000078003-23-000024,GUIDANCE_DIRECTION,PERSISTENT,NEUTRAL == NEUTRAL,LOW == LOW,LOW,Persistent guidance direction disclosure maintained.
PFE,0000078003-24-000039,0000078003-23-000024,LIQUIDITY_RISK,PERSISTENT,NEGATIVE == NEGATIVE,LOW == LOW,LOW,Persistent liquidity risk disclosure maintained.
PFE,0000078003-24-000039,0000078003-23-000024,LITIGATION_RISK,ESCALATED,NEUTRAL -> NEGATIVE,LOW -> HIGH,MEDIUM,Escalated severity in litigation risk (LOW -> HIGH).
PFE,0000078003-24-000039,0000078003-23-000024,MARGIN_PRESSURE,NEW,NONE -> POSITIVE,NONE -> LOW,LOW,New margin pressure disclosure identified in current period.
PFE,0000078003-24-000039,0000078003-23-000024,MATERIAL_BUSINESS_CHANGE,PERSISTENT,NEGATIVE == NEGATIVE,LOW == LOW,HIGH,Persistent material business change disclosure maintained.
PFE,0000078003-24-000039,0000078003-23-000024,REGULATORY_RISK,PERSISTENT,NEUTRAL == NEUTRAL,LOW == LOW,LOW,Persistent regulatory risk disclosure maintained.
PFE,0000078003-24-000039,0000078003-23-000024,STRATEGIC_CHANGE,MODIFIED,POSITIVE -> NEUTRAL,CRITICAL -> LOW,LOW,Directional shift in strategic change (POSITIVE -> NEUTRAL).
PFE,0000078003-24-000039,0000078003-23-000024,SUPPLY_CHAIN_RISK,MODIFIED,NEGATIVE -> NEUTRAL,LOW -> LOW,LOW,Directional shift in supply chain risk (NEGATIVE -> NEUTRAL).
ABT,0001628280-24-005348,0001628280-23-004026,CAPITAL_ALLOCATION_CHANGE,PERSISTENT,NEUTRAL == NEUTRAL,LOW == LOW,HIGH,Persistent capital allocation change disclosure maintained.
ABT,0001628280-24-005348,0001628280-23-004026,COMPETITIVE_PRESSURE,PERSISTENT,NEUTRAL == NEUTRAL,MEDIUM == LOW,LOW,Persistent competitive pressure disclosure maintained.
ABT,0001628280-24-005348,0001628280-23-004026,DEMAND_UNCERTAINTY,PERSISTENT,NEUTRAL == NEUTRAL,HIGH == HIGH,MEDIUM,Persistent demand uncertainty disclosure maintained.
ABT,0001628280-24-005348,0001628280-23-004026,GUIDANCE_DIRECTION,PERSISTENT,NEUTRAL == NEUTRAL,HIGH == HIGH,MEDIUM,Persistent guidance direction disclosure maintained.
ABT,0001628280-24-005348,0001628280-23-004026,LIQUIDITY_RISK,NEW,NONE -> NEUTRAL,NONE -> LOW,LOW,New liquidity risk disclosure identified in current period.
ABT,0001628280-24-005348,0001628280-23-004026,LITIGATION_RISK,MODIFIED,MIXED -> POSITIVE,HIGH -> HIGH,MEDIUM,Directional shift in litigation risk (MIXED -> POSITIVE).
ABT,0001628280-24-005348,0001628280-23-004026,MARGIN_PRESSURE,ESCALATED,NEUTRAL -> NEGATIVE,LOW -> MEDIUM,MEDIUM,Escalated severity in margin pressure (LOW -> MEDIUM).
ABT,0001628280-24-005348,0001628280-23-004026,MATERIAL_BUSINESS_CHANGE,PERSISTENT,NEGATIVE == NEGATIVE,LOW == LOW,LOW,Persistent material business change disclosure maintained.
ABT,0001628280-24-005348,0001628280-23-004026,REGULATORY_RISK,PERSISTENT,NEUTRAL == NEUTRAL,LOW == LOW,LOW,Persistent regulatory risk disclosure maintained.
ABT,0001628280-24-005348,0001628280-23-004026,STRATEGIC_CHANGE,MODIFIED,POSITIVE -> NEUTRAL,LOW -> LOW,LOW,Directional shift in strategic change (POSITIVE -> NEUTRAL).
ABT,0001628280-24-005348,0001628280-23-004026,SUPPLY_CHAIN_RISK,MODIFIED,NEGATIVE -> MIXED,HIGH -> LOW,LOW,Directional shift in supply chain risk (NEGATIVE -> MIXED).
MRK,0001193125-24-093194,0001628280-24-006850,CAPITAL_ALLOCATION_CHANGE,RESOLVED,NEUTRAL -> NONE,LOW -> NONE,HIGH,Prior capital allocation change disclosure omitted or resolved.
MRK,0001193125-24-093194,0001628280-24-006850,COMPETITIVE_PRESSURE,RESOLVED,NEUTRAL -> NONE,LOW -> NONE,LOW,Prior competitive pressure disclosure omitted or resolved.
MRK,0001193125-24-093194,0001628280-24-006850,DEMAND_UNCERTAINTY,RESOLVED,NEGATIVE -> NONE,HIGH -> NONE,MEDIUM,Prior demand uncertainty disclosure omitted or resolved.
MRK,0001193125-24-093194,0001628280-24-006850,GUIDANCE_DIRECTION,RESOLVED,NEUTRAL -> NONE,LOW -> NONE,LOW,Prior guidance direction disclosure omitted or resolved.
MRK,0001193125-24-093194,0001628280-24-006850,LIQUIDITY_RISK,RESOLVED,NEUTRAL -> NONE,LOW -> NONE,LOW,Prior liquidity risk disclosure omitted or resolved.
MRK,0001193125-24-093194,0001628280-24-006850,LITIGATION_RISK,RESOLVED,NEGATIVE -> NONE,LOW -> NONE,LOW,Prior litigation risk disclosure omitted or resolved.
MRK,0001193125-24-093194,0001628280-24-006850,MANAGEMENT_OUTLOOK,RESOLVED,NEGATIVE -> NONE,HIGH -> NONE,MEDIUM,Prior management outlook disclosure omitted or resolved.
MRK,0001193125-24-093194,0001628280-24-006850,MARGIN_PRESSURE,RESOLVED,NEGATIVE -> NONE,LOW -> NONE,MEDIUM,Prior margin pressure disclosure omitted or resolved.
MRK,0001193125-24-093194,0001628280-24-006850,MATERIAL_BUSINESS_CHANGE,RESOLVED,NEGATIVE -> NONE,LOW -> NONE,LOW,Prior material business change disclosure omitted or resolved.
MRK,0001193125-24-093194,0001628280-24-006850,REGULATORY_RISK,RESOLVED,NEUTRAL -> NONE,LOW -> NONE,LOW,Prior regulatory risk disclosure omitted or resolved.
MRK,0001193125-24-093194,0001628280-24-006850,STRATEGIC_CHANGE,RESOLVED,NEGATIVE -> NONE,LOW -> NONE,LOW,Prior strategic change disclosure omitted or resolved.
MRK,0001193125-24-093194,0001628280-24-006850,SUPPLY_CHAIN_RISK,RESOLVED,NEUTRAL -> NONE,LOW -> NONE,LOW,Prior supply chain risk disclosure omitted or resolved.
TMO,0000097745-24-000007,0000097745-23-000008,CAPITAL_ALLOCATION_CHANGE,MODIFIED,NEUTRAL -> POSITIVE,LOW -> LOW,LOW,Directional shift in capital allocation change (NEUTRAL -> POSITIVE).
TMO,0000097745-24-000007,0000097745-23-000008,COMPETITIVE_PRESSURE,PERSISTENT,NEUTRAL == NEUTRAL,HIGH == HIGH,MEDIUM,Persistent competitive pressure disclosure maintained.
TMO,0000097745-24-000007,0000097745-23-000008,DEMAND_UNCERTAINTY,PERSISTENT,NEGATIVE == NEGATIVE,HIGH == HIGH,MEDIUM,Persistent demand uncertainty disclosure maintained.
TMO,0000097745-24-000007,0000097745-23-000008,GUIDANCE_DIRECTION,ESCALATED,NEGATIVE -> NEUTRAL,LOW -> HIGH,MEDIUM,Escalated severity in guidance direction (LOW -> HIGH).
TMO,0000097745-24-000007,0000097745-23-000008,LIQUIDITY_RISK,PERSISTENT,NEUTRAL == NEUTRAL,HIGH == HIGH,MEDIUM,Persistent liquidity risk disclosure maintained.
TMO,0000097745-24-000007,0000097745-23-000008,LITIGATION_RISK,MODIFIED,NEGATIVE -> NEUTRAL,LOW -> LOW,LOW,Directional shift in litigation risk (NEGATIVE -> NEUTRAL).
TMO,0000097745-24-000007,0000097745-23-000008,MANAGEMENT_OUTLOOK,PERSISTENT,NEUTRAL == NEUTRAL,LOW == LOW,LOW,Persistent management outlook disclosure maintained.
TMO,0000097745-24-000007,0000097745-23-000008,MARGIN_PRESSURE,PERSISTENT,NEUTRAL == NEUTRAL,LOW == LOW,LOW,Persistent margin pressure disclosure maintained.
TMO,0000097745-24-000007,0000097745-23-000008,MATERIAL_BUSINESS_CHANGE,PERSISTENT,NEGATIVE == NEGATIVE,LOW == LOW,LOW,Persistent material business change disclosure maintained.
TMO,0000097745-24-000007,0000097745-23-000008,REGULATORY_RISK,PERSISTENT,NEUTRAL == NEUTRAL,LOW == LOW,LOW,Persistent regulatory risk disclosure maintained.
TMO,0000097745-24-000007,0000097745-23-000008,STRATEGIC_CHANGE,PERSISTENT,NEUTRAL == NEUTRAL,LOW == LOW,LOW,Persistent strategic change disclosure maintained.
TMO,0000097745-24-000007,0000097745-23-000008,SUPPLY_CHAIN_RISK,ESCALATED,NEGATIVE -> NEGATIVE,LOW -> HIGH,MEDIUM,Escalated severity in supply chain risk (LOW -> HIGH).
PG,0000080424-24-000083,0000080424-23-000073,CAPITAL_ALLOCATION_CHANGE,PERSISTENT,NEUTRAL == NEUTRAL,LOW == LOW,LOW,Persistent capital allocation change disclosure maintained.
PG,0000080424-24-000083,0000080424-23-000073,COMPETITIVE_PRESSURE,PERSISTENT,NEUTRAL == NEUTRAL,LOW == LOW,LOW,Persistent competitive pressure disclosure maintained.
PG,0000080424-24-000083,0000080424-23-000073,DEMAND_UNCERTAINTY,MODIFIED,MIXED -> NEGATIVE,HIGH -> MEDIUM,MEDIUM,Directional shift in demand uncertainty (MIXED -> NEGATIVE).
PG,0000080424-24-000083,0000080424-23-000073,GUIDANCE_DIRECTION,PERSISTENT,POSITIVE == POSITIVE,MEDIUM == MEDIUM,MEDIUM,Persistent guidance direction disclosure maintained.
PG,0000080424-24-000083,0000080424-23-000073,LIQUIDITY_RISK,PERSISTENT,NEUTRAL == NEUTRAL,LOW == LOW,LOW,Persistent liquidity risk disclosure maintained.
PG,0000080424-24-000083,0000080424-23-000073,LITIGATION_RISK,PERSISTENT,NEGATIVE == NEGATIVE,HIGH == HIGH,MEDIUM,Persistent litigation risk disclosure maintained.
PG,0000080424-24-000083,0000080424-23-000073,MANAGEMENT_OUTLOOK,PERSISTENT,NEUTRAL == NEUTRAL,LOW == LOW,LOW,Persistent management outlook disclosure maintained.
PG,0000080424-24-000083,0000080424-23-000073,MARGIN_PRESSURE,MODIFIED,POSITIVE -> MIXED,LOW -> LOW,MEDIUM,Directional shift in margin pressure (POSITIVE -> MIXED).
PG,0000080424-24-000083,0000080424-23-000073,MATERIAL_BUSINESS_CHANGE,MODIFIED,MIXED -> NEGATIVE,MEDIUM -> LOW,LOW,Directional shift in material business change (MIXED -> NEGATIVE).
PG,0000080424-24-000083,0000080424-23-000073,REGULATORY_RISK,PERSISTENT,NEUTRAL == NEUTRAL,LOW == LOW,LOW,Persistent regulatory risk disclosure maintained.
PG,0000080424-24-000083,0000080424-23-000073,STRATEGIC_CHANGE,PERSISTENT,NEUTRAL == NEUTRAL,LOW == LOW,LOW,Persistent strategic change disclosure maintained.
PG,0000080424-24-000083,0000080424-23-000073,SUPPLY_CHAIN_RISK,PERSISTENT,NEUTRAL == NEUTRAL,HIGH == HIGH,MEDIUM,Persistent supply chain risk disclosure maintained.
KO,0000021344-24-000009,0000021344-23-000011,CAPITAL_ALLOCATION_CHANGE,PERSISTENT,NEUTRAL == NEUTRAL,LOW == LOW,LOW,Persistent capital allocation change disclosure maintained.
KO,0000021344-24-000009,0000021344-23-000011,COMPETITIVE_PRESSURE,PERSISTENT,NEUTRAL == NEUTRAL,LOW == LOW,LOW,Persistent competitive pressure disclosure maintained.
KO,0000021344-24-000009,0000021344-23-000011,DEMAND_UNCERTAINTY,PERSISTENT,NEUTRAL == NEUTRAL,LOW == LOW,LOW,Persistent demand uncertainty disclosure maintained.
KO,0000021344-24-000009,0000021344-23-000011,GUIDANCE_DIRECTION,PERSISTENT,NEUTRAL == NEUTRAL,LOW == LOW,LOW,Persistent guidance direction disclosure maintained.
KO,0000021344-24-000009,0000021344-23-000011,LIQUIDITY_RISK,PERSISTENT,NEUTRAL == NEUTRAL,LOW == LOW,MEDIUM,Persistent liquidity risk disclosure maintained.
KO,0000021344-24-000009,0000021344-23-000011,LITIGATION_RISK,PERSISTENT,NEGATIVE == NEGATIVE,LOW == LOW,LOW,Persistent litigation risk disclosure maintained.
KO,0000021344-24-000009,0000021344-23-000011,MANAGEMENT_OUTLOOK,NEW,NONE -> NEUTRAL,NONE -> LOW,LOW,New management outlook disclosure identified in current period.
KO,0000021344-24-000009,0000021344-23-000011,MARGIN_PRESSURE,PERSISTENT,NEUTRAL == NEUTRAL,LOW == LOW,LOW,Persistent margin pressure disclosure maintained.
KO,0000021344-24-000009,0000021344-23-000011,MATERIAL_BUSINESS_CHANGE,PERSISTENT,MIXED == MIXED,LOW == LOW,LOW,Persistent material business change disclosure maintained.
KO,0000021344-24-000009,0000021344-23-000011,REGULATORY_RISK,PERSISTENT,NEUTRAL == NEUTRAL,HIGH == HIGH,MEDIUM,Persistent regulatory risk disclosure maintained.
KO,0000021344-24-000009,0000021344-23-000011,STRATEGIC_CHANGE,MODIFIED,POSITIVE -> NEUTRAL,LOW -> LOW,LOW,Directional shift in strategic change (POSITIVE -> NEUTRAL).
KO,0000021344-24-000009,0000021344-23-000011,SUPPLY_CHAIN_RISK,MODIFIED,POSITIVE -> NEUTRAL,LOW -> LOW,LOW,Directional shift in supply chain risk (POSITIVE -> NEUTRAL).
PEP,0000077476-24-000008,0000077476-23-000007,CAPITAL_ALLOCATION_CHANGE,PERSISTENT,NEUTRAL == NEUTRAL,LOW == LOW,LOW,Persistent capital allocation change disclosure maintained.
PEP,0000077476-24-000008,0000077476-23-000007,COMPETITIVE_PRESSURE,PERSISTENT,NEUTRAL == NEUTRAL,HIGH == HIGH,MEDIUM,Persistent competitive pressure disclosure maintained.
PEP,0000077476-24-000008,0000077476-23-000007,DEMAND_UNCERTAINTY,PERSISTENT,NEUTRAL == NEUTRAL,LOW == LOW,LOW,Persistent demand uncertainty disclosure maintained.
PEP,0000077476-24-000008,0000077476-23-000007,GUIDANCE_DIRECTION,PERSISTENT,NEUTRAL == NEUTRAL,LOW == LOW,LOW,Persistent guidance direction disclosure maintained.
PEP,0000077476-24-000008,0000077476-23-000007,LIQUIDITY_RISK,ESCALATED,NEUTRAL -> NEUTRAL,LOW -> HIGH,MEDIUM,Escalated severity in liquidity risk (LOW -> HIGH).
PEP,0000077476-24-000008,0000077476-23-000007,LITIGATION_RISK,PERSISTENT,POSITIVE == POSITIVE,LOW == LOW,LOW,Persistent litigation risk disclosure maintained.
PEP,0000077476-24-000008,0000077476-23-000007,MATERIAL_BUSINESS_CHANGE,PERSISTENT,NEGATIVE == NEGATIVE,LOW == LOW,LOW,Persistent material business change disclosure maintained.
PEP,0000077476-24-000008,0000077476-23-000007,REGULATORY_RISK,PERSISTENT,NEUTRAL == NEUTRAL,LOW == LOW,LOW,Persistent regulatory risk disclosure maintained.
PEP,0000077476-24-000008,0000077476-23-000007,STRATEGIC_CHANGE,MODIFIED,NEUTRAL -> POSITIVE,LOW -> LOW,LOW,Directional shift in strategic change (NEUTRAL -> POSITIVE).
PEP,0000077476-24-000008,0000077476-23-000007,SUPPLY_CHAIN_RISK,ESCALATED,NEUTRAL -> NEGATIVE,LOW -> HIGH,MEDIUM,Escalated severity in supply chain risk (LOW -> HIGH).
COST,0000909832-24-000049,0000909832-23-000042,CAPITAL_ALLOCATION_CHANGE,PERSISTENT,NEUTRAL == NEUTRAL,LOW == LOW,LOW,Persistent capital allocation change disclosure maintained.
COST,0000909832-24-000049,0000909832-23-000042,COMPETITIVE_PRESSURE,MODIFIED,NEUTRAL -> POSITIVE,LOW -> LOW,LOW,Directional shift in competitive pressure (NEUTRAL -> POSITIVE).
COST,0000909832-24-000049,0000909832-23-000042,DEMAND_UNCERTAINTY,PERSISTENT,NEGATIVE == NEGATIVE,LOW == LOW,LOW,Persistent demand uncertainty disclosure maintained.
COST,0000909832-24-000049,0000909832-23-000042,GUIDANCE_DIRECTION,PERSISTENT,NEUTRAL == NEUTRAL,LOW == LOW,LOW,Persistent guidance direction disclosure maintained.
COST,0000909832-24-000049,0000909832-23-000042,LIQUIDITY_RISK,PERSISTENT,NEUTRAL == NEUTRAL,HIGH == LOW,LOW,Persistent liquidity risk disclosure maintained.
COST,0000909832-24-000049,0000909832-23-000042,LITIGATION_RISK,PERSISTENT,NEUTRAL == NEUTRAL,LOW == LOW,LOW,Persistent litigation risk disclosure maintained.
COST,0000909832-24-000049,0000909832-23-000042,MARGIN_PRESSURE,PERSISTENT,NEUTRAL == NEUTRAL,LOW == LOW,LOW,Persistent margin pressure disclosure maintained.
COST,0000909832-24-000049,0000909832-23-000042,REGULATORY_RISK,PERSISTENT,NEUTRAL == NEUTRAL,HIGH == HIGH,MEDIUM,Persistent regulatory risk disclosure maintained.
COST,0000909832-24-000049,0000909832-23-000042,STRATEGIC_CHANGE,PERSISTENT,POSITIVE == POSITIVE,LOW == LOW,LOW,Persistent strategic change disclosure maintained.
COST,0000909832-24-000049,0000909832-23-000042,SUPPLY_CHAIN_RISK,PERSISTENT,NEUTRAL == NEUTRAL,HIGH == HIGH,MEDIUM,Persistent supply chain risk disclosure maintained.
AMZN,0001018724-24-000008,0001018724-23-000004,CAPITAL_ALLOCATION_CHANGE,PERSISTENT,POSITIVE == POSITIVE,LOW == LOW,LOW,Persistent capital allocation change disclosure maintained.
AMZN,0001018724-24-000008,0001018724-23-000004,COMPETITIVE_PRESSURE,PERSISTENT,POSITIVE == POSITIVE,LOW == LOW,LOW,Persistent competitive pressure disclosure maintained.
AMZN,0001018724-24-000008,0001018724-23-000004,DEMAND_UNCERTAINTY,PERSISTENT,NEUTRAL == NEUTRAL,LOW == LOW,LOW,Persistent demand uncertainty disclosure maintained.
AMZN,0001018724-24-000008,0001018724-23-000004,GUIDANCE_DIRECTION,ESCALATED,NEUTRAL -> POSITIVE,LOW -> HIGH,MEDIUM,Escalated severity in guidance direction (LOW -> HIGH).
AMZN,0001018724-24-000008,0001018724-23-000004,LIQUIDITY_RISK,MODIFIED,NEGATIVE -> NEUTRAL,LOW -> LOW,HIGH,Directional shift in liquidity risk (NEGATIVE -> NEUTRAL).
AMZN,0001018724-24-000008,0001018724-23-000004,LITIGATION_RISK,PERSISTENT,NEUTRAL == NEUTRAL,LOW == LOW,LOW,Persistent litigation risk disclosure maintained.
AMZN,0001018724-24-000008,0001018724-23-000004,MANAGEMENT_OUTLOOK,PERSISTENT,NEUTRAL == NEUTRAL,LOW == LOW,LOW,Persistent management outlook disclosure maintained.
AMZN,0001018724-24-000008,0001018724-23-000004,MARGIN_PRESSURE,PERSISTENT,POSITIVE == POSITIVE,LOW == LOW,LOW,Persistent margin pressure disclosure maintained.
AMZN,0001018724-24-000008,0001018724-23-000004,MATERIAL_BUSINESS_CHANGE,PERSISTENT,NEGATIVE == NEGATIVE,LOW == LOW,HIGH,Persistent material business change disclosure maintained.
AMZN,0001018724-24-000008,0001018724-23-000004,REGULATORY_RISK,PERSISTENT,NEUTRAL == NEUTRAL,LOW == LOW,LOW,Persistent regulatory risk disclosure maintained.
AMZN,0001018724-24-000008,0001018724-23-000004,STRATEGIC_CHANGE,PERSISTENT,NEUTRAL == NEUTRAL,LOW == LOW,LOW,Persistent strategic change disclosure maintained.
AMZN,0001018724-24-000008,0001018724-23-000004,SUPPLY_CHAIN_RISK,ESCALATED,NEGATIVE -> MIXED,HIGH -> CRITICAL,HIGH,Escalated severity in supply chain risk (HIGH -> CRITICAL).
HD,0000354950-24-000062,0000354950-23-000059,CAPITAL_ALLOCATION_CHANGE,PERSISTENT,NEUTRAL == NEUTRAL,LOW == LOW,LOW,Persistent capital allocation change disclosure maintained.
HD,0000354950-24-000062,0000354950-23-000059,COMPETITIVE_PRESSURE,PERSISTENT,NEUTRAL == NEUTRAL,LOW == LOW,LOW,Persistent competitive pressure disclosure maintained.
HD,0000354950-24-000062,0000354950-23-000059,DEMAND_UNCERTAINTY,PERSISTENT,NEUTRAL == NEUTRAL,LOW == LOW,LOW,Persistent demand uncertainty disclosure maintained.
HD,0000354950-24-000062,0000354950-23-000059,GUIDANCE_DIRECTION,PERSISTENT,NEUTRAL == NEUTRAL,LOW == LOW,LOW,Persistent guidance direction disclosure maintained.
HD,0000354950-24-000062,0000354950-23-000059,LIQUIDITY_RISK,PERSISTENT,NEUTRAL == NEUTRAL,LOW == LOW,LOW,Persistent liquidity risk disclosure maintained.
HD,0000354950-24-000062,0000354950-23-000059,LITIGATION_RISK,PERSISTENT,NEGATIVE == NEGATIVE,HIGH == HIGH,MEDIUM,Persistent litigation risk disclosure maintained.
HD,0000354950-24-000062,0000354950-23-000059,MANAGEMENT_OUTLOOK,NEW,NONE -> POSITIVE,NONE -> LOW,LOW,New management outlook disclosure identified in current period.
HD,0000354950-24-000062,0000354950-23-000059,MARGIN_PRESSURE,MODIFIED,NEGATIVE -> NEUTRAL,LOW -> LOW,MEDIUM,Directional shift in margin pressure (NEGATIVE -> NEUTRAL).
HD,0000354950-24-000062,0000354950-23-000059,REGULATORY_RISK,PERSISTENT,NEUTRAL == NEUTRAL,HIGH == HIGH,MEDIUM,Persistent regulatory risk disclosure maintained.
HD,0000354950-24-000062,0000354950-23-000059,STRATEGIC_CHANGE,MODIFIED,NEUTRAL -> NEGATIVE,CRITICAL -> MEDIUM,MEDIUM,Directional shift in strategic change (NEUTRAL -> NEGATIVE).
HD,0000354950-24-000062,0000354950-23-000059,SUPPLY_CHAIN_RISK,MODIFIED,NEGATIVE -> POSITIVE,LOW -> LOW,LOW,Directional shift in supply chain risk (NEGATIVE -> POSITIVE).
NKE,0000320187-24-000044,0000320187-23-000039,CAPITAL_ALLOCATION_CHANGE,MODIFIED,NEUTRAL -> NEGATIVE,HIGH -> LOW,HIGH,Directional shift in capital allocation change (NEUTRAL -> NEGATIVE).
NKE,0000320187-24-000044,0000320187-23-000039,COMPETITIVE_PRESSURE,PERSISTENT,NEUTRAL == NEUTRAL,LOW == LOW,LOW,Persistent competitive pressure disclosure maintained.
NKE,0000320187-24-000044,0000320187-23-000039,DEMAND_UNCERTAINTY,MODIFIED,NEGATIVE -> NEUTRAL,HIGH -> HIGH,MEDIUM,Directional shift in demand uncertainty (NEGATIVE -> NEUTRAL).
NKE,0000320187-24-000044,0000320187-23-000039,GUIDANCE_DIRECTION,PERSISTENT,NEUTRAL == NEUTRAL,LOW == LOW,LOW,Persistent guidance direction disclosure maintained.
NKE,0000320187-24-000044,0000320187-23-000039,LIQUIDITY_RISK,PERSISTENT,NEUTRAL == NEUTRAL,LOW == LOW,LOW,Persistent liquidity risk disclosure maintained.
NKE,0000320187-24-000044,0000320187-23-000039,LITIGATION_RISK,MODIFIED,NEGATIVE -> NEUTRAL,LOW -> LOW,LOW,Directional shift in litigation risk (NEGATIVE -> NEUTRAL).
NKE,0000320187-24-000044,0000320187-23-000039,MARGIN_PRESSURE,MODIFIED,NEGATIVE -> NEUTRAL,HIGH -> HIGH,MEDIUM,Directional shift in margin pressure (NEGATIVE -> NEUTRAL).
NKE,0000320187-24-000044,0000320187-23-000039,REGULATORY_RISK,MODIFIED,NEGATIVE -> NEUTRAL,LOW -> LOW,LOW,Directional shift in regulatory risk (NEGATIVE -> NEUTRAL).
NKE,0000320187-24-000044,0000320187-23-000039,STRATEGIC_CHANGE,MODIFIED,NEGATIVE -> NEUTRAL,LOW -> LOW,LOW,Directional shift in strategic change (NEGATIVE -> NEUTRAL).
NKE,0000320187-24-000044,0000320187-23-000039,SUPPLY_CHAIN_RISK,PERSISTENT,NEUTRAL == NEUTRAL,LOW == LOW,LOW,Persistent supply chain risk disclosure maintained.
LOW,0000060667-24-000033,0000060667-23-000034,CAPITAL_ALLOCATION_CHANGE,MODIFIED,NEUTRAL -> POSITIVE,LOW -> LOW,LOW,Directional shift in capital allocation change (NEUTRAL -> POSITIVE).
LOW,0000060667-24-000033,0000060667-23-000034,COMPETITIVE_PRESSURE,PERSISTENT,NEUTRAL == NEUTRAL,LOW == LOW,LOW,Persistent competitive pressure disclosure maintained.
LOW,0000060667-24-000033,0000060667-23-000034,DEMAND_UNCERTAINTY,PERSISTENT,NEUTRAL == NEUTRAL,LOW == LOW,LOW,Persistent demand uncertainty disclosure maintained.
LOW,0000060667-24-000033,0000060667-23-000034,GUIDANCE_DIRECTION,PERSISTENT,NEUTRAL == NEUTRAL,LOW == LOW,LOW,Persistent guidance direction disclosure maintained.
LOW,0000060667-24-000033,0000060667-23-000034,LIQUIDITY_RISK,PERSISTENT,NEUTRAL == NEUTRAL,LOW == LOW,LOW,Persistent liquidity risk disclosure maintained.
LOW,0000060667-24-000033,0000060667-23-000034,LITIGATION_RISK,ESCALATED,NEGATIVE -> NEGATIVE,LOW -> HIGH,MEDIUM,Escalated severity in litigation risk (LOW -> HIGH).
LOW,0000060667-24-000033,0000060667-23-000034,MARGIN_PRESSURE,PERSISTENT,POSITIVE == POSITIVE,MEDIUM == MEDIUM,MEDIUM,Persistent margin pressure disclosure maintained.
LOW,0000060667-24-000033,0000060667-23-000034,MATERIAL_BUSINESS_CHANGE,ESCALATED,NEGATIVE -> NEGATIVE,LOW -> HIGH,MEDIUM,Escalated severity in material business change (LOW -> HIGH).
LOW,0000060667-24-000033,0000060667-23-000034,REGULATORY_RISK,PERSISTENT,NEUTRAL == NEUTRAL,HIGH == HIGH,MEDIUM,Persistent regulatory risk disclosure maintained.
LOW,0000060667-24-000033,0000060667-23-000034,STRATEGIC_CHANGE,PERSISTENT,NEGATIVE == NEGATIVE,HIGH == HIGH,MEDIUM,Persistent strategic change disclosure maintained.
LOW,0000060667-24-000033,0000060667-23-000034,SUPPLY_CHAIN_RISK,PERSISTENT,NEUTRAL == NEUTRAL,LOW == LOW,LOW,Persistent supply chain risk disclosure maintained.
CAT,0000018230-24-000009,0000018230-23-000011,CAPITAL_ALLOCATION_CHANGE,PERSISTENT,NEUTRAL == NEUTRAL,LOW == LOW,HIGH,Persistent capital allocation change disclosure maintained.
CAT,0000018230-24-000009,0000018230-23-000011,COMPETITIVE_PRESSURE,PERSISTENT,NEUTRAL == NEUTRAL,HIGH == LOW,LOW,Persistent competitive pressure disclosure maintained.
CAT,0000018230-24-000009,0000018230-23-000011,DEMAND_UNCERTAINTY,PERSISTENT,NEUTRAL == NEUTRAL,LOW == LOW,LOW,Persistent demand uncertainty disclosure maintained.
CAT,0000018230-24-000009,0000018230-23-000011,GUIDANCE_DIRECTION,PERSISTENT,NEUTRAL == NEUTRAL,LOW == LOW,LOW,Persistent guidance direction disclosure maintained.
CAT,0000018230-24-000009,0000018230-23-000011,LIQUIDITY_RISK,MODIFIED,NEUTRAL -> NEGATIVE,LOW -> LOW,LOW,Directional shift in liquidity risk (NEUTRAL -> NEGATIVE).
CAT,0000018230-24-000009,0000018230-23-000011,LITIGATION_RISK,ESCALATED,NEUTRAL -> NEGATIVE,LOW -> HIGH,MEDIUM,Escalated severity in litigation risk (LOW -> HIGH).
CAT,0000018230-24-000009,0000018230-23-000011,MANAGEMENT_OUTLOOK,PERSISTENT,NEGATIVE == NEGATIVE,MEDIUM == MEDIUM,MEDIUM,Persistent management outlook disclosure maintained.
CAT,0000018230-24-000009,0000018230-23-000011,MARGIN_PRESSURE,MODIFIED,NEUTRAL -> POSITIVE,LOW -> LOW,LOW,Directional shift in margin pressure (NEUTRAL -> POSITIVE).
CAT,0000018230-24-000009,0000018230-23-000011,MATERIAL_BUSINESS_CHANGE,PERSISTENT,POSITIVE == POSITIVE,LOW == LOW,HIGH,Persistent material business change disclosure maintained.
CAT,0000018230-24-000009,0000018230-23-000011,REGULATORY_RISK,PERSISTENT,NEUTRAL == NEUTRAL,LOW == LOW,LOW,Persistent regulatory risk disclosure maintained.
CAT,0000018230-24-000009,0000018230-23-000011,STRATEGIC_CHANGE,PERSISTENT,NEUTRAL == NEUTRAL,LOW == LOW,LOW,Persistent strategic change disclosure maintained.
CAT,0000018230-24-000009,0000018230-23-000011,SUPPLY_CHAIN_RISK,PERSISTENT,NEUTRAL == NEUTRAL,LOW == LOW,LOW,Persistent supply chain risk disclosure maintained.
MMM,0000066740-24-000016,0000066740-23-000014,CAPITAL_ALLOCATION_CHANGE,MODIFIED,NEGATIVE -> NEUTRAL,LOW -> LOW,LOW,Directional shift in capital allocation change (NEGATIVE -> NEUTRAL).
MMM,0000066740-24-000016,0000066740-23-000014,COMPETITIVE_PRESSURE,PERSISTENT,POSITIVE == POSITIVE,LOW == LOW,LOW,Persistent competitive pressure disclosure maintained.
MMM,0000066740-24-000016,0000066740-23-000014,DEMAND_UNCERTAINTY,MODIFIED,MIXED -> NEUTRAL,MEDIUM -> LOW,MEDIUM,Directional shift in demand uncertainty (MIXED -> NEUTRAL).
MMM,0000066740-24-000016,0000066740-23-000014,GUIDANCE_DIRECTION,MODIFIED,NEUTRAL -> POSITIVE,LOW -> LOW,LOW,Directional shift in guidance direction (NEUTRAL -> POSITIVE).
MMM,0000066740-24-000016,0000066740-23-000014,LIQUIDITY_RISK,PERSISTENT,POSITIVE == POSITIVE,LOW == LOW,LOW,Persistent liquidity risk disclosure maintained.
MMM,0000066740-24-000016,0000066740-23-000014,LITIGATION_RISK,ESCALATED,NEUTRAL -> NEGATIVE,MEDIUM -> CRITICAL,HIGH,Escalated severity in litigation risk (MEDIUM -> CRITICAL).
MMM,0000066740-24-000016,0000066740-23-000014,MANAGEMENT_OUTLOOK,PERSISTENT,NEGATIVE == NEGATIVE,MEDIUM == MEDIUM,MEDIUM,Persistent management outlook disclosure maintained.
MMM,0000066740-24-000016,0000066740-23-000014,MARGIN_PRESSURE,PERSISTENT,POSITIVE == POSITIVE,LOW == LOW,LOW,Persistent margin pressure disclosure maintained.
MMM,0000066740-24-000016,0000066740-23-000014,MATERIAL_BUSINESS_CHANGE,PERSISTENT,NEGATIVE == NEGATIVE,HIGH == LOW,LOW,Persistent material business change disclosure maintained.
MMM,0000066740-24-000016,0000066740-23-000014,REGULATORY_RISK,MODIFIED,NEUTRAL -> MIXED,LOW -> LOW,LOW,Directional shift in regulatory risk (NEUTRAL -> MIXED).
MMM,0000066740-24-000016,0000066740-23-000014,STRATEGIC_CHANGE,PERSISTENT,POSITIVE == POSITIVE,HIGH == HIGH,MEDIUM,Persistent strategic change disclosure maintained.
MMM,0000066740-24-000016,0000066740-23-000014,SUPPLY_CHAIN_RISK,ESCALATED,NEGATIVE -> NEGATIVE,LOW -> HIGH,MEDIUM,Escalated severity in supply chain risk (LOW -> HIGH).
UNP,0001437749-24-003599,0001437749-23-002959,CAPITAL_ALLOCATION_CHANGE,PERSISTENT,NEUTRAL == NEUTRAL,LOW == LOW,LOW,Persistent capital allocation change disclosure maintained.
UNP,0001437749-24-003599,0001437749-23-002959,COMPETITIVE_PRESSURE,PERSISTENT,POSITIVE == POSITIVE,LOW == LOW,LOW,Persistent competitive pressure disclosure maintained.
UNP,0001437749-24-003599,0001437749-23-002959,DEMAND_UNCERTAINTY,PERSISTENT,NEUTRAL == NEUTRAL,LOW == LOW,LOW,Persistent demand uncertainty disclosure maintained.
UNP,0001437749-24-003599,0001437749-23-002959,GUIDANCE_DIRECTION,PERSISTENT,NEUTRAL == NEUTRAL,LOW == LOW,LOW,Persistent guidance direction disclosure maintained.
UNP,0001437749-24-003599,0001437749-23-002959,LIQUIDITY_RISK,PERSISTENT,NEGATIVE == NEGATIVE,HIGH == HIGH,MEDIUM,Persistent liquidity risk disclosure maintained.
UNP,0001437749-24-003599,0001437749-23-002959,LITIGATION_RISK,PERSISTENT,NEGATIVE == NEGATIVE,LOW == LOW,LOW,Persistent litigation risk disclosure maintained.
UNP,0001437749-24-003599,0001437749-23-002959,MANAGEMENT_OUTLOOK,PERSISTENT,NEUTRAL == NEUTRAL,LOW == LOW,LOW,Persistent management outlook disclosure maintained.
UNP,0001437749-24-003599,0001437749-23-002959,MARGIN_PRESSURE,PERSISTENT,POSITIVE == POSITIVE,LOW == LOW,LOW,Persistent margin pressure disclosure maintained.
UNP,0001437749-24-003599,0001437749-23-002959,MATERIAL_BUSINESS_CHANGE,NEW,NONE -> NEUTRAL,NONE -> LOW,LOW,New material business change disclosure identified in current period.
UNP,0001437749-24-003599,0001437749-23-002959,REGULATORY_RISK,PERSISTENT,NEUTRAL == NEUTRAL,LOW == LOW,LOW,Persistent regulatory risk disclosure maintained.
UNP,0001437749-24-003599,0001437749-23-002959,STRATEGIC_CHANGE,PERSISTENT,NEUTRAL == NEUTRAL,HIGH == HIGH,MEDIUM,Persistent strategic change disclosure maintained.
UNP,0001437749-24-003599,0001437749-23-002959,SUPPLY_CHAIN_RISK,PERSISTENT,NEUTRAL == NEUTRAL,CRITICAL == LOW,LOW,Persistent supply chain risk disclosure maintained.
LMT,0000936468-24-000010,0000936468-23-000009,CAPITAL_ALLOCATION_CHANGE,PERSISTENT,NEUTRAL == NEUTRAL,LOW == LOW,LOW,Persistent capital allocation change disclosure maintained.
LMT,0000936468-24-000010,0000936468-23-000009,COMPETITIVE_PRESSURE,PERSISTENT,NEUTRAL == NEUTRAL,LOW == LOW,LOW,Persistent competitive pressure disclosure maintained.
LMT,0000936468-24-000010,0000936468-23-000009,DEMAND_UNCERTAINTY,ESCALATED,NEUTRAL -> POSITIVE,LOW -> MEDIUM,MEDIUM,Escalated severity in demand uncertainty (LOW -> MEDIUM).
LMT,0000936468-24-000010,0000936468-23-000009,GUIDANCE_DIRECTION,PERSISTENT,NEUTRAL == NEUTRAL,HIGH == LOW,LOW,Persistent guidance direction disclosure maintained.
LMT,0000936468-24-000010,0000936468-23-000009,LIQUIDITY_RISK,PERSISTENT,NEUTRAL == NEUTRAL,LOW == LOW,LOW,Persistent liquidity risk disclosure maintained.
LMT,0000936468-24-000010,0000936468-23-000009,LITIGATION_RISK,PERSISTENT,MIXED == MIXED,LOW == LOW,LOW,Persistent litigation risk disclosure maintained.
LMT,0000936468-24-000010,0000936468-23-000009,MANAGEMENT_OUTLOOK,MODIFIED,NEGATIVE -> MIXED,MEDIUM -> LOW,LOW,Directional shift in management outlook (NEGATIVE -> MIXED).
LMT,0000936468-24-000010,0000936468-23-000009,MARGIN_PRESSURE,ESCALATED,NEUTRAL -> NEGATIVE,LOW -> HIGH,MEDIUM,Escalated severity in margin pressure (LOW -> HIGH).
LMT,0000936468-24-000010,0000936468-23-000009,MATERIAL_BUSINESS_CHANGE,PERSISTENT,NEGATIVE == NEGATIVE,LOW == LOW,LOW,Persistent material business change disclosure maintained.
LMT,0000936468-24-000010,0000936468-23-000009,REGULATORY_RISK,PERSISTENT,POSITIVE == POSITIVE,HIGH == HIGH,MEDIUM,Persistent regulatory risk disclosure maintained.
LMT,0000936468-24-000010,0000936468-23-000009,STRATEGIC_CHANGE,PERSISTENT,NEUTRAL == NEUTRAL,LOW == LOW,LOW,Persistent strategic change disclosure maintained.
LMT,0000936468-24-000010,0000936468-23-000009,SUPPLY_CHAIN_RISK,PERSISTENT,NEUTRAL == NEUTRAL,LOW == LOW,LOW,Persistent supply chain risk disclosure maintained.
XOM,0000034088-24-000018,0000034088-23-000020,CAPITAL_ALLOCATION_CHANGE,PERSISTENT,NEGATIVE == NEGATIVE,LOW == LOW,LOW,Persistent capital allocation change disclosure maintained.
XOM,0000034088-24-000018,0000034088-23-000020,COMPETITIVE_PRESSURE,MODIFIED,POSITIVE -> NEGATIVE,LOW -> LOW,LOW,Directional shift in competitive pressure (POSITIVE -> NEGATIVE).
XOM,0000034088-24-000018,0000034088-23-000020,DEMAND_UNCERTAINTY,PERSISTENT,NEUTRAL == NEUTRAL,LOW == LOW,LOW,Persistent demand uncertainty disclosure maintained.
XOM,0000034088-24-000018,0000034088-23-000020,GUIDANCE_DIRECTION,PERSISTENT,NEUTRAL == NEUTRAL,LOW == LOW,LOW,Persistent guidance direction disclosure maintained.
XOM,0000034088-24-000018,0000034088-23-000020,LIQUIDITY_RISK,PERSISTENT,NEUTRAL == NEUTRAL,LOW == LOW,LOW,Persistent liquidity risk disclosure maintained.
XOM,0000034088-24-000018,0000034088-23-000020,LITIGATION_RISK,PERSISTENT,NEGATIVE == NEGATIVE,LOW == LOW,LOW,Persistent litigation risk disclosure maintained.
XOM,0000034088-24-000018,0000034088-23-000020,MANAGEMENT_OUTLOOK,PERSISTENT,NEUTRAL == NEUTRAL,LOW == LOW,LOW,Persistent management outlook disclosure maintained.
XOM,0000034088-24-000018,0000034088-23-000020,MARGIN_PRESSURE,PERSISTENT,NEUTRAL == NEUTRAL,HIGH == LOW,LOW,Persistent margin pressure disclosure maintained.
XOM,0000034088-24-000018,0000034088-23-000020,MATERIAL_BUSINESS_CHANGE,PERSISTENT,MIXED == MIXED,HIGH == HIGH,MEDIUM,Persistent material business change disclosure maintained.
XOM,0000034088-24-000018,0000034088-23-000020,REGULATORY_RISK,ESCALATED,NEUTRAL -> NEGATIVE,LOW -> HIGH,MEDIUM,Escalated severity in regulatory risk (LOW -> HIGH).
XOM,0000034088-24-000018,0000034088-23-000020,STRATEGIC_CHANGE,MODIFIED,NEUTRAL -> POSITIVE,LOW -> LOW,LOW,Directional shift in strategic change (NEUTRAL -> POSITIVE).
XOM,0000034088-24-000018,0000034088-23-000020,SUPPLY_CHAIN_RISK,MODIFIED,NEUTRAL -> MIXED,LOW -> LOW,LOW,Directional shift in supply chain risk (NEUTRAL -> MIXED).
CVX,0000093410-24-000013,0000093410-23-000009,CAPITAL_ALLOCATION_CHANGE,NEW,NONE -> NEUTRAL,NONE -> LOW,LOW,New capital allocation change disclosure identified in current period.
CVX,0000093410-24-000013,0000093410-23-000009,DEMAND_UNCERTAINTY,RESOLVED,NEUTRAL -> NONE,LOW -> NONE,LOW,Prior demand uncertainty disclosure omitted or resolved.
CVX,0000093410-24-000013,0000093410-23-000009,GUIDANCE_DIRECTION,MODIFIED,MIXED -> NEGATIVE,HIGH -> LOW,LOW,Directional shift in guidance direction (MIXED -> NEGATIVE).
CVX,0000093410-24-000013,0000093410-23-000009,LIQUIDITY_RISK,PERSISTENT,NEUTRAL == NEUTRAL,LOW == LOW,LOW,Persistent liquidity risk disclosure maintained.
CVX,0000093410-24-000013,0000093410-23-000009,LITIGATION_RISK,PERSISTENT,NEGATIVE == NEGATIVE,HIGH == LOW,LOW,Persistent litigation risk disclosure maintained.
CVX,0000093410-24-000013,0000093410-23-000009,REGULATORY_RISK,MODIFIED,NEGATIVE -> NEUTRAL,LOW -> LOW,LOW,Directional shift in regulatory risk (NEGATIVE -> NEUTRAL).
CVX,0000093410-24-000013,0000093410-23-000009,STRATEGIC_CHANGE,MODIFIED,NEUTRAL -> POSITIVE,LOW -> LOW,LOW,Directional shift in strategic change (NEUTRAL -> POSITIVE).
COP,0001163165-24-000010,0001163165-23-000006,CAPITAL_ALLOCATION_CHANGE,PERSISTENT,NEUTRAL == NEUTRAL,LOW == LOW,LOW,Persistent capital allocation change disclosure maintained.
COP,0001163165-24-000010,0001163165-23-000006,COMPETITIVE_PRESSURE,PERSISTENT,NEUTRAL == NEUTRAL,CRITICAL == LOW,LOW,Persistent competitive pressure disclosure maintained.
COP,0001163165-24-000010,0001163165-23-000006,DEMAND_UNCERTAINTY,PERSISTENT,NEUTRAL == NEUTRAL,LOW == LOW,LOW,Persistent demand uncertainty disclosure maintained.
COP,0001163165-24-000010,0001163165-23-000006,GUIDANCE_DIRECTION,MODIFIED,POSITIVE -> NEUTRAL,LOW -> LOW,LOW,Directional shift in guidance direction (POSITIVE -> NEUTRAL).
COP,0001163165-24-000010,0001163165-23-000006,LIQUIDITY_RISK,PERSISTENT,NEUTRAL == NEUTRAL,LOW == LOW,HIGH,Persistent liquidity risk disclosure maintained.
COP,0001163165-24-000010,0001163165-23-000006,LITIGATION_RISK,MODIFIED,NEUTRAL -> NEGATIVE,LOW -> LOW,LOW,Directional shift in litigation risk (NEUTRAL -> NEGATIVE).
COP,0001163165-24-000010,0001163165-23-000006,MARGIN_PRESSURE,NEW,NONE -> NEUTRAL,NONE -> LOW,LOW,New margin pressure disclosure identified in current period.
COP,0001163165-24-000010,0001163165-23-000006,MATERIAL_BUSINESS_CHANGE,PERSISTENT,NEGATIVE == NEGATIVE,LOW == LOW,LOW,Persistent material business change disclosure maintained.
COP,0001163165-24-000010,0001163165-23-000006,REGULATORY_RISK,PERSISTENT,NEUTRAL == NEUTRAL,MEDIUM == MEDIUM,MEDIUM,Persistent regulatory risk disclosure maintained.
COP,0001163165-24-000010,0001163165-23-000006,STRATEGIC_CHANGE,MODIFIED,NEUTRAL -> POSITIVE,LOW -> LOW,LOW,Directional shift in strategic change (NEUTRAL -> POSITIVE).
COP,0001163165-24-000010,0001163165-23-000006,SUPPLY_CHAIN_RISK,PERSISTENT,NEGATIVE == NEGATIVE,LOW == LOW,LOW,Persistent supply chain risk disclosure maintained.
SLB,0000950170-24-006884,0001564590-23-000762,CAPITAL_ALLOCATION_CHANGE,PERSISTENT,POSITIVE == POSITIVE,LOW == LOW,LOW,Persistent capital allocation change disclosure maintained.
SLB,0000950170-24-006884,0001564590-23-000762,COMPETITIVE_PRESSURE,PERSISTENT,NEUTRAL == NEUTRAL,HIGH == HIGH,MEDIUM,Persistent competitive pressure disclosure maintained.
SLB,0000950170-24-006884,0001564590-23-000762,GUIDANCE_DIRECTION,PERSISTENT,NEUTRAL == NEUTRAL,CRITICAL == CRITICAL,HIGH,Persistent guidance direction disclosure maintained.
SLB,0000950170-24-006884,0001564590-23-000762,LIQUIDITY_RISK,PERSISTENT,NEUTRAL == NEUTRAL,LOW == LOW,HIGH,Persistent liquidity risk disclosure maintained.
SLB,0000950170-24-006884,0001564590-23-000762,LITIGATION_RISK,PERSISTENT,NEUTRAL == NEUTRAL,LOW == LOW,LOW,Persistent litigation risk disclosure maintained.
SLB,0000950170-24-006884,0001564590-23-000762,MANAGEMENT_OUTLOOK,MODIFIED,POSITIVE -> NEGATIVE,LOW -> LOW,HIGH,Directional shift in management outlook (POSITIVE -> NEGATIVE).
SLB,0000950170-24-006884,0001564590-23-000762,MARGIN_PRESSURE,PERSISTENT,POSITIVE == POSITIVE,LOW == LOW,LOW,Persistent margin pressure disclosure maintained.
SLB,0000950170-24-006884,0001564590-23-000762,MATERIAL_BUSINESS_CHANGE,PERSISTENT,NEGATIVE == NEGATIVE,HIGH == LOW,LOW,Persistent material business change disclosure maintained.
SLB,0000950170-24-006884,0001564590-23-000762,REGULATORY_RISK,PERSISTENT,NEUTRAL == NEUTRAL,LOW == LOW,LOW,Persistent regulatory risk disclosure maintained.
SLB,0000950170-24-006884,0001564590-23-000762,STRATEGIC_CHANGE,MODIFIED,NEUTRAL -> POSITIVE,LOW -> LOW,HIGH,Directional shift in strategic change (NEUTRAL -> POSITIVE).
EOG,0000821189-24-000011,0000821189-23-000015,CAPITAL_ALLOCATION_CHANGE,MODIFIED,POSITIVE -> NEUTRAL,HIGH -> HIGH,MEDIUM,Directional shift in capital allocation change (POSITIVE -> NEUTRAL).
EOG,0000821189-24-000011,0000821189-23-000015,COMPETITIVE_PRESSURE,PERSISTENT,POSITIVE == POSITIVE,LOW == LOW,LOW,Persistent competitive pressure disclosure maintained.
EOG,0000821189-24-000011,0000821189-23-000015,DEMAND_UNCERTAINTY,MODIFIED,NEGATIVE -> MIXED,HIGH -> HIGH,MEDIUM,Directional shift in demand uncertainty (NEGATIVE -> MIXED).
EOG,0000821189-24-000011,0000821189-23-000015,GUIDANCE_DIRECTION,MODIFIED,POSITIVE -> NEGATIVE,LOW -> LOW,LOW,Directional shift in guidance direction (POSITIVE -> NEGATIVE).
EOG,0000821189-24-000011,0000821189-23-000015,LIQUIDITY_RISK,PERSISTENT,NEUTRAL == NEUTRAL,LOW == LOW,LOW,Persistent liquidity risk disclosure maintained.
EOG,0000821189-24-000011,0000821189-23-000015,LITIGATION_RISK,PERSISTENT,NEUTRAL == NEUTRAL,LOW == LOW,LOW,Persistent litigation risk disclosure maintained.
EOG,0000821189-24-000011,0000821189-23-000015,MANAGEMENT_OUTLOOK,ESCALATED,NEUTRAL -> NEGATIVE,LOW -> MEDIUM,MEDIUM,Escalated severity in management outlook (LOW -> MEDIUM).
EOG,0000821189-24-000011,0000821189-23-000015,MARGIN_PRESSURE,PERSISTENT,NEGATIVE == NEGATIVE,LOW == LOW,LOW,Persistent margin pressure disclosure maintained.
EOG,0000821189-24-000011,0000821189-23-000015,MATERIAL_BUSINESS_CHANGE,PERSISTENT,NEGATIVE == NEGATIVE,LOW == LOW,LOW,Persistent material business change disclosure maintained.
EOG,0000821189-24-000011,0000821189-23-000015,REGULATORY_RISK,PERSISTENT,NEUTRAL == NEUTRAL,LOW == LOW,LOW,Persistent regulatory risk disclosure maintained.
EOG,0000821189-24-000011,0000821189-23-000015,STRATEGIC_CHANGE,PERSISTENT,NEUTRAL == NEUTRAL,LOW == LOW,LOW,Persistent strategic change disclosure maintained.
EOG,0000821189-24-000011,0000821189-23-000015,SUPPLY_CHAIN_RISK,ESCALATED,NEUTRAL -> NEGATIVE,LOW -> MEDIUM,MEDIUM,Escalated severity in supply chain risk (LOW -> MEDIUM).
