audit_id,observation_id,ticker,check_name,check_status,details,created_at
ed121006-912d-4e11-9133-6c4db14ea279,panel_SLB_2022,SLB,FINANCIAL_PIT_TIMESTAMP,PASSED,Financial as-of (2023-01-25) <= obs_date (2023-01-25),2026-09-09 02:13:07.744854
500dff11-a23c-47b2-8658-c0d59da21908,panel_SLB_2022,SLB,FILING_PIT_TIMESTAMP,PASSED,Filing as-of (2023-01-25) <= obs_date (2023-01-25),2026-09-09 02:13:07.745759
4324cc08-502a-43aa-b64f-0fa4cc44e8fc,panel_SLB_2022,SLB,TARGET_STRICTLY_FORWARD,PASSED,Target realization (2024-01-24) > obs_date (2023-01-25),2026-09-09 02:13:07.746547
efef3572-c18c-4a01-8e3b-9ca17284d9c9,panel_SLB_2022,SLB,TARGET_FISCAL_YEAR_ORDERING,PASSED,Target FY (2023) > Base FY (2022),2026-09-09 02:13:07.747341
760841e1-cdd7-4956-ab48-bc822283eac1,panel_LMT_2022,LMT,FINANCIAL_PIT_TIMESTAMP,PASSED,Financial as-of (2023-01-27) <= obs_date (2023-01-27),2026-09-09 02:13:07.748137
4f041b25-9587-4dae-bda1-aeede6404e60,panel_LMT_2022,LMT,FILING_PIT_TIMESTAMP,PASSED,Filing as-of (2023-01-27) <= obs_date (2023-01-27),2026-09-09 02:13:07.748897
0e8a6d46-bf72-493f-af01-02e490a50779,panel_LMT_2022,LMT,TARGET_STRICTLY_FORWARD,PASSED,Target realization (2024-01-23) > obs_date (2023-01-27),2026-09-09 02:13:07.749676
56562827-bd61-42a1-a59c-3cbb17fa2e8e,panel_LMT_2022,LMT,TARGET_FISCAL_YEAR_ORDERING,PASSED,Target FY (2023) > Base FY (2022),2026-09-09 02:13:07.750512
5fef1845-b78f-4be1-8851-dd15105cb883,panel_INTC_2022,INTC,FINANCIAL_PIT_TIMESTAMP,PASSED,Financial as-of (2023-01-27) <= obs_date (2023-01-27),2026-09-09 02:13:07.751284
0c49c9f4-4e4c-49c9-93df-b0aac21a0d4f,panel_INTC_2022,INTC,FILING_PIT_TIMESTAMP,PASSED,Filing as-of (2023-01-27) <= obs_date (2023-01-27),2026-09-09 02:13:07.752051
b9e515af-99ec-4ce6-9c70-0db07517dc20,panel_INTC_2022,INTC,TARGET_STRICTLY_FORWARD,PASSED,Target realization (2024-01-26) > obs_date (2023-01-27),2026-09-09 02:13:07.752837
cec796ce-18b4-4b07-9ca4-298fec3fb984,panel_INTC_2022,INTC,TARGET_FISCAL_YEAR_ORDERING,PASSED,Target FY (2023) > Base FY (2022),2026-09-09 02:13:07.753613
9d969db8-8253-49be-8495-72e34f5b162a,panel_AMZN_2022,AMZN,FINANCIAL_PIT_TIMESTAMP,PASSED,Financial as-of (2023-02-03) <= obs_date (2023-02-03),2026-09-09 02:13:07.754426
65a11a30-a8a5-474e-af6f-4945318ce019,panel_AMZN_2022,AMZN,FILING_PIT_TIMESTAMP,PASSED,Filing as-of (2023-02-03) <= obs_date (2023-02-03),2026-09-09 02:13:07.755228
7e63d034-a05f-4059-b089-03c80fb03664,panel_AMZN_2022,AMZN,TARGET_STRICTLY_FORWARD,PASSED,Target realization (2024-02-02) > obs_date (2023-02-03),2026-09-09 02:13:07.756004
3dbb8ca1-c692-4183-bf7f-fe48dc1c39f1,panel_AMZN_2022,AMZN,TARGET_FISCAL_YEAR_ORDERING,PASSED,Target FY (2023) > Base FY (2022),2026-09-09 02:13:07.756769
39be222b-7f6a-4490-9ff6-629809cc9c9f,panel_MMM_2022,MMM,FINANCIAL_PIT_TIMESTAMP,PASSED,Financial as-of (2023-02-08) <= obs_date (2023-02-08),2026-09-09 02:13:07.757542
6e34296b-6491-4850-9373-0c2280d1ff41,panel_MMM_2022,MMM,FILING_PIT_TIMESTAMP,PASSED,Filing as-of (2023-02-08) <= obs_date (2023-02-08),2026-09-09 02:13:07.758386
e63aae74-387e-4f8e-b289-b8b2667c98b3,panel_MMM_2022,MMM,TARGET_STRICTLY_FORWARD,PASSED,Target realization (2024-02-07) > obs_date (2023-02-08),2026-09-09 02:13:07.75917
fed8ff2f-f089-4b9d-a60e-6a499808ac0d,panel_MMM_2022,MMM,TARGET_FISCAL_YEAR_ORDERING,PASSED,Target FY (2023) > Base FY (2022),2026-09-09 02:13:07.759949
4a11dcce-b5d2-421f-ab91-2d5b880824bd,panel_PEP_2022,PEP,FINANCIAL_PIT_TIMESTAMP,PASSED,Financial as-of (2023-02-09) <= obs_date (2023-02-09),2026-09-09 02:13:07.760744
ddfe3183-cf42-4f11-8350-af0dcb758f61,panel_PEP_2022,PEP,FILING_PIT_TIMESTAMP,PASSED,Filing as-of (2023-02-09) <= obs_date (2023-02-09),2026-09-09 02:13:07.761498
bb8e03bc-92ed-4397-bca7-955a41910b4e,panel_PEP_2022,PEP,TARGET_STRICTLY_FORWARD,PASSED,Target realization (2024-02-09) > obs_date (2023-02-09),2026-09-09 02:13:07.76226
87d9fdf4-f827-4daf-bce8-d20bc5c8ca28,panel_PEP_2022,PEP,TARGET_FISCAL_YEAR_ORDERING,PASSED,Target FY (2023) > Base FY (2022),2026-09-09 02:13:07.763031
07022e0f-0465-47d9-8ec3-fabc93e8b787,panel_UNP_2022,UNP,FINANCIAL_PIT_TIMESTAMP,PASSED,Financial as-of (2023-02-10) <= obs_date (2023-02-10),2026-09-09 02:13:07.763806
b606250b-6003-4f77-ba4b-27ff5cb616b5,panel_UNP_2022,UNP,FILING_PIT_TIMESTAMP,PASSED,Filing as-of (2023-02-10) <= obs_date (2023-02-10),2026-09-09 02:13:07.764559
22171df7-5535-437e-bbce-a10f3f9630d9,panel_UNP_2022,UNP,TARGET_STRICTLY_FORWARD,PASSED,Target realization (2024-02-09) > obs_date (2023-02-10),2026-09-09 02:13:07.765319
3c9a941d-5820-4da6-ae2e-78b218000893,panel_UNP_2022,UNP,TARGET_FISCAL_YEAR_ORDERING,PASSED,Target FY (2023) > Base FY (2022),2026-09-09 02:13:07.766103
5f15d17e-f09f-4471-a22c-5d910b07c59a,panel_HON_2022,HON,FINANCIAL_PIT_TIMESTAMP,PASSED,Financial as-of (2023-02-10) <= obs_date (2023-02-10),2026-09-09 02:13:07.766904
632ef95a-5b09-4bb3-bf95-b5b9dd1f6daa,panel_HON_2022,HON,FILING_PIT_TIMESTAMP,PASSED,Filing as-of (2023-02-10) <= obs_date (2023-02-10),2026-09-09 02:13:07.76766
9d79a57b-348f-4b93-baa3-1294617202f5,panel_HON_2022,HON,TARGET_STRICTLY_FORWARD,PASSED,Target realization (2024-02-16) > obs_date (2023-02-10),2026-09-09 02:13:07.768548
435c64bd-7627-4e66-ad17-29380c549d8d,panel_HON_2022,HON,TARGET_FISCAL_YEAR_ORDERING,PASSED,Target FY (2023) > Base FY (2022),2026-09-09 02:13:07.769392
4fa43387-e377-444c-8d5e-76f2de1ef07b,panel_CAT_2022,CAT,FINANCIAL_PIT_TIMESTAMP,PASSED,Financial as-of (2023-02-15) <= obs_date (2023-02-15),2026-09-09 02:13:07.770194
276dde46-08a0-49bd-9359-b5d7666d5406,panel_CAT_2022,CAT,FILING_PIT_TIMESTAMP,PASSED,Filing as-of (2023-02-15) <= obs_date (2023-02-15),2026-09-09 02:13:07.771229
88cf6067-9562-4c5c-a417-aa5d712503b8,panel_CAT_2022,CAT,TARGET_STRICTLY_FORWARD,PASSED,Target realization (2024-02-16) > obs_date (2023-02-15),2026-09-09 02:13:07.772527
84084297-4c57-48eb-923f-0c96bcc5330e,panel_CAT_2022,CAT,TARGET_FISCAL_YEAR_ORDERING,PASSED,Target FY (2023) > Base FY (2022),2026-09-09 02:13:07.773424
1fbbb9bd-90c8-426b-ace2-82c65fd69c56,panel_COP_2022,COP,FINANCIAL_PIT_TIMESTAMP,PASSED,Financial as-of (2023-02-16) <= obs_date (2023-02-16),2026-09-09 02:13:07.774381
40f168eb-741f-48a2-b2f1-091b5a390e9d,panel_COP_2022,COP,FILING_PIT_TIMESTAMP,PASSED,Filing as-of (2023-02-16) <= obs_date (2023-02-16),2026-09-09 02:13:07.775232
1f7cc151-a60e-4273-93f6-5f0bc0321442,panel_COP_2022,COP,TARGET_STRICTLY_FORWARD,PASSED,Target realization (2024-02-15) > obs_date (2023-02-16),2026-09-09 02:13:07.776056
8d05a5a8-d92b-4e5e-baa5-4b53c430c7b4,panel_COP_2022,COP,TARGET_FISCAL_YEAR_ORDERING,PASSED,Target FY (2023) > Base FY (2022),2026-09-09 02:13:07.776905
51d27eff-2bf1-4131-b384-5b7be6c95a78,panel_JNJ_2022,JNJ,FINANCIAL_PIT_TIMESTAMP,PASSED,Financial as-of (2023-02-17) <= obs_date (2023-02-17),2026-09-09 02:13:07.777676
221e0ceb-30e8-486c-89cb-acd72a7168c4,panel_JNJ_2022,JNJ,FILING_PIT_TIMESTAMP,PASSED,Filing as-of (2023-02-17) <= obs_date (2023-02-17),2026-09-09 02:13:07.778438
f7ae6440-eb0d-46b2-9844-d873ca95ef8a,panel_JNJ_2022,JNJ,TARGET_STRICTLY_FORWARD,PASSED,Target realization (2024-02-16) > obs_date (2023-02-17),2026-09-09 02:13:07.77927
06abe03f-196b-455f-afe8-3741c2bb7042,panel_JNJ_2022,JNJ,TARGET_FISCAL_YEAR_ORDERING,PASSED,Target FY (2023) > Base FY (2022),2026-09-09 02:13:07.78003
e5b1d1c4-de06-492b-af82-5dc2235899b2,panel_ABT_2022,ABT,FINANCIAL_PIT_TIMESTAMP,PASSED,Financial as-of (2023-02-18) <= obs_date (2023-02-18),2026-09-09 02:13:07.780791
25fd0661-2a29-4858-b150-2b5f48b1758d,panel_ABT_2022,ABT,FILING_PIT_TIMESTAMP,PASSED,Filing as-of (2023-02-18) <= obs_date (2023-02-18),2026-09-09 02:13:07.781547
76ccb098-5359-4ca1-9886-2b5ab9488410,panel_ABT_2022,ABT,TARGET_STRICTLY_FORWARD,PASSED,Target realization (2024-02-16) > obs_date (2023-02-18),2026-09-09 02:13:07.782358
30f7b061-a75c-4c19-88af-c39f40336f20,panel_ABT_2022,ABT,TARGET_FISCAL_YEAR_ORDERING,PASSED,Target FY (2023) > Base FY (2022),2026-09-09 02:13:07.783131
9375abce-652d-48c6-89b8-cabf8b98ddad,panel_KO_2022,KO,FINANCIAL_PIT_TIMESTAMP,PASSED,Financial as-of (2023-02-22) <= obs_date (2023-02-22),2026-09-09 02:13:07.783879
b92fc320-44e2-4c70-8fbf-80dba4920614,panel_KO_2022,KO,FILING_PIT_TIMESTAMP,PASSED,Filing as-of (2023-02-22) <= obs_date (2023-02-22),2026-09-09 02:13:07.784669
713cb7bb-d163-4f00-88f1-b576804e861f,panel_KO_2022,KO,TARGET_STRICTLY_FORWARD,PASSED,Target realization (2024-02-20) > obs_date (2023-02-22),2026-09-09 02:13:07.785492
b29e6e0a-1b99-4b7a-80c4-9fdc43d2187a,panel_KO_2022,KO,TARGET_FISCAL_YEAR_ORDERING,PASSED,Target FY (2023) > Base FY (2022),2026-09-09 02:13:07.786306
511b0faa-2e69-41d4-bd3b-939faef0b25f,panel_XOM_2022,XOM,FINANCIAL_PIT_TIMESTAMP,PASSED,Financial as-of (2023-02-23) <= obs_date (2023-02-23),2026-09-09 02:13:07.787299
7d5a3fa6-7fed-44b4-8797-c3b24ce5768c,panel_XOM_2022,XOM,FILING_PIT_TIMESTAMP,PASSED,Filing as-of (2023-02-23) <= obs_date (2023-02-23),2026-09-09 02:13:07.788236
b5b18dd9-c749-489b-b21d-4f4a25e68e3f,panel_XOM_2022,XOM,TARGET_STRICTLY_FORWARD,PASSED,Target realization (2024-02-28) > obs_date (2023-02-23),2026-09-09 02:13:07.789106
2e4de094-e0e3-4454-94fd-e526faf9bee7,panel_XOM_2022,XOM,TARGET_FISCAL_YEAR_ORDERING,PASSED,Target FY (2023) > Base FY (2022),2026-09-09 02:13:07.789916
95cbf933-87d0-4efe-b0fd-c5a948cfa992,panel_EOG_2022,EOG,FINANCIAL_PIT_TIMESTAMP,PASSED,Financial as-of (2023-02-24) <= obs_date (2023-02-24),2026-09-09 02:13:07.790844
b331d105-b65e-434a-8909-1e55b5ea435e,panel_EOG_2022,EOG,FILING_PIT_TIMESTAMP,PASSED,Filing as-of (2023-02-24) <= obs_date (2023-02-24),2026-09-09 02:13:07.791634
7beef243-1845-4795-adbf-d051daf1d222,panel_EOG_2022,EOG,TARGET_STRICTLY_FORWARD,PASSED,Target realization (2024-02-22) > obs_date (2023-02-24),2026-09-09 02:13:07.79242
98bc40f8-14d8-42a5-95d4-a52384910d6c,panel_EOG_2022,EOG,TARGET_FISCAL_YEAR_ORDERING,PASSED,Target FY (2023) > Base FY (2022),2026-09-09 02:13:07.79324
6bd3c1d5-0ba4-4a42-b7b4-3ca560019f5e,panel_PFE_2022,PFE,FINANCIAL_PIT_TIMESTAMP,PASSED,Financial as-of (2023-02-23) <= obs_date (2023-02-23),2026-09-09 02:13:07.794013
0c396609-596e-4024-b41d-c157e03acd3c,panel_PFE_2022,PFE,FILING_PIT_TIMESTAMP,PASSED,Filing as-of (2023-02-23) <= obs_date (2023-02-23),2026-09-09 02:13:07.794782
bb6095e6-a1ec-4237-b373-8d74b38286d1,panel_PFE_2022,PFE,TARGET_STRICTLY_FORWARD,PASSED,Target realization (2024-02-22) > obs_date (2023-02-23),2026-09-09 02:13:07.795577
c28c25c3-a920-4657-8842-2913939dbc7f,panel_PFE_2022,PFE,TARGET_FISCAL_YEAR_ORDERING,PASSED,Target FY (2023) > Base FY (2022),2026-09-09 02:13:07.796329
aa26570b-651f-45fc-8589-328d2262fd2e,panel_TMO_2022,TMO,FINANCIAL_PIT_TIMESTAMP,PASSED,Financial as-of (2023-02-23) <= obs_date (2023-02-23),2026-09-09 02:13:07.797089
8c5bb396-fa0e-47d8-b512-623454b11578,panel_TMO_2022,TMO,FILING_PIT_TIMESTAMP,PASSED,Filing as-of (2023-02-23) <= obs_date (2023-02-23),2026-09-09 02:13:07.797902
9be9e05e-ebcf-43c5-86b5-475b37c0513e,panel_TMO_2022,TMO,TARGET_STRICTLY_FORWARD,PASSED,Target realization (2024-02-22) > obs_date (2023-02-23),2026-09-09 02:13:07.79866
5e69de4d-d207-4eab-8020-567fbbb35d65,panel_TMO_2022,TMO,TARGET_FISCAL_YEAR_ORDERING,PASSED,Target FY (2023) > Base FY (2022),2026-09-09 02:13:07.799417
9423e1c3-0d62-42c5-b040-d57b324cb8b8,panel_CVX_2022,CVX,FINANCIAL_PIT_TIMESTAMP,PASSED,Financial as-of (2023-02-23) <= obs_date (2023-02-23),2026-09-09 02:13:07.800176
5c074c5a-f2fc-4001-a042-18ab549f023c,panel_CVX_2022,CVX,FILING_PIT_TIMESTAMP,PASSED,Filing as-of (2023-02-23) <= obs_date (2023-02-23),2026-09-09 02:13:07.800982
0efccaa9-e6bb-4d31-92e0-22a347dbe93e,panel_CVX_2022,CVX,TARGET_STRICTLY_FORWARD,PASSED,Target realization (2024-02-26) > obs_date (2023-02-23),2026-09-09 02:13:07.801748
9355e2b5-a448-4754-a303-e98b9c23d351,panel_CVX_2022,CVX,TARGET_FISCAL_YEAR_ORDERING,PASSED,Target FY (2023) > Base FY (2022),2026-09-09 02:13:07.802508
bbd79116-f66a-421e-8892-9a3fb2aff2d5,panel_NVDA_2023,NVDA,FINANCIAL_PIT_TIMESTAMP,PASSED,Financial as-of (2023-02-25) <= obs_date (2023-02-25),2026-09-09 02:13:07.803311
8026fd6b-4a95-4029-9b46-a70afbfee657,panel_NVDA_2023,NVDA,FILING_PIT_TIMESTAMP,PASSED,Filing as-of (2023-02-25) <= obs_date (2023-02-25),2026-09-09 02:13:07.80409
60f80929-ba14-459e-82be-dabeaeda486e,panel_NVDA_2023,NVDA,TARGET_STRICTLY_FORWARD,PASSED,Target realization (2024-02-21) > obs_date (2023-02-25),2026-09-09 02:13:07.80488
fc989466-9b9d-47d7-9bf5-8b45a3a24c27,panel_NVDA_2023,NVDA,TARGET_FISCAL_YEAR_ORDERING,PASSED,Target FY (2024) > Base FY (2023),2026-09-09 02:13:07.805637
85e8d4bf-84f0-42b9-9101-8d21ccb85fc7,panel_MCD_2022,MCD,FINANCIAL_PIT_TIMESTAMP,PASSED,Financial as-of (2023-02-24) <= obs_date (2023-02-24),2026-09-09 02:13:07.80644
dcb8d9b6-50ff-478e-bd4b-246c20026a2c,panel_MCD_2022,MCD,FILING_PIT_TIMESTAMP,PASSED,Filing as-of (2023-02-24) <= obs_date (2023-02-24),2026-09-09 02:13:07.807214
86aca48a-09db-4f41-b191-e0c6d5d828d3,panel_MCD_2022,MCD,TARGET_STRICTLY_FORWARD,PASSED,Target realization (2024-02-22) > obs_date (2023-02-24),2026-09-09 02:13:07.808062
ded069e0-9259-43eb-aef2-67988f41389a,panel_MCD_2022,MCD,TARGET_FISCAL_YEAR_ORDERING,PASSED,Target FY (2023) > Base FY (2022),2026-09-09 02:13:07.808876
20275ed9-e3df-48e7-acbc-a429c1cc7d58,panel_HD_2022,HD,FINANCIAL_PIT_TIMESTAMP,PASSED,Financial as-of (2023-03-15) <= obs_date (2023-03-15),2026-09-09 02:13:07.809649
cb378268-151c-4fb7-8561-6198d7088973,panel_HD_2022,HD,FILING_PIT_TIMESTAMP,PASSED,Filing as-of (2023-03-15) <= obs_date (2023-03-15),2026-09-09 02:13:07.810462
c6ee6cdf-1534-49a6-b741-6cbe9aba5f09,panel_HD_2022,HD,TARGET_STRICTLY_FORWARD,PASSED,Target realization (2024-03-13) > obs_date (2023-03-15),2026-09-09 02:13:07.811279
1701dd23-2c6b-490a-9f84-6ddd1df1d4ec,panel_HD_2022,HD,TARGET_FISCAL_YEAR_ORDERING,PASSED,Target FY (2023) > Base FY (2022),2026-09-09 02:13:07.812056
87d31f5f-cabd-4054-b5f9-45f8a594bea6,panel_LOW_2022,LOW,FINANCIAL_PIT_TIMESTAMP,PASSED,Financial as-of (2023-03-27) <= obs_date (2023-03-27),2026-09-09 02:13:07.812876
68aefe7b-b82b-4283-a4e5-a812c5b8ed31,panel_LOW_2022,LOW,FILING_PIT_TIMESTAMP,PASSED,Filing as-of (2023-03-27) <= obs_date (2023-03-27),2026-09-09 02:13:07.813654
88012d4b-877b-4eac-9c75-5b01e4e707be,panel_LOW_2022,LOW,TARGET_STRICTLY_FORWARD,PASSED,Target realization (2024-03-25) > obs_date (2023-03-27),2026-09-09 02:13:07.814487
0a40ba01-ea86-4832-8d26-a784a8fb1ff4,panel_LOW_2022,LOW,TARGET_FISCAL_YEAR_ORDERING,PASSED,Target FY (2023) > Base FY (2022),2026-09-09 02:13:07.815262
e90364b8-6964-4af8-bc57-5ad01fb08ec6,panel_NKE_2023,NKE,FINANCIAL_PIT_TIMESTAMP,PASSED,Financial as-of (2023-07-20) <= obs_date (2023-07-20),2026-09-09 02:13:07.816064
bce3ef25-317f-48af-889d-77bc416d47d2,panel_NKE_2023,NKE,FILING_PIT_TIMESTAMP,PASSED,Filing as-of (2023-07-20) <= obs_date (2023-07-20),2026-09-09 02:13:07.816992
2853812a-a8d2-400c-a540-2b608296c3e3,panel_NKE_2023,NKE,TARGET_STRICTLY_FORWARD,PASSED,Target realization (2024-07-25) > obs_date (2023-07-20),2026-09-09 02:13:07.817865
f1f4d35c-4b63-4bfb-9efa-d5e1667c853d,panel_NKE_2023,NKE,TARGET_FISCAL_YEAR_ORDERING,PASSED,Target FY (2024) > Base FY (2023),2026-09-09 02:13:07.818672
c224d3c9-eedb-4bca-8fcf-d739d3431e4f,panel_MSFT_2023,MSFT,FINANCIAL_PIT_TIMESTAMP,PASSED,Financial as-of (2023-07-27) <= obs_date (2023-07-27),2026-09-09 02:13:07.819509
d5d29c53-5b94-475a-ab1f-3a43845cca27,panel_MSFT_2023,MSFT,FILING_PIT_TIMESTAMP,PASSED,Filing as-of (2023-07-27) <= obs_date (2023-07-27),2026-09-09 02:13:07.820332
d88a7b12-1471-420d-a230-15e464c6905d,panel_MSFT_2023,MSFT,TARGET_STRICTLY_FORWARD,PASSED,Target realization (2024-07-30) > obs_date (2023-07-27),2026-09-09 02:13:07.821257
90713048-094c-4306-b162-f06ee6c86f75,panel_MSFT_2023,MSFT,TARGET_FISCAL_YEAR_ORDERING,PASSED,Target FY (2024) > Base FY (2023),2026-09-09 02:13:07.822107
7d6299f9-2340-4b73-a1ec-12502092d436,panel_PG_2023,PG,FINANCIAL_PIT_TIMESTAMP,PASSED,Financial as-of (2023-08-04) <= obs_date (2023-08-04),2026-09-09 02:13:07.822908
f4d0c423-1565-487d-9648-88fd88a83224,panel_PG_2023,PG,FILING_PIT_TIMESTAMP,PASSED,Filing as-of (2023-08-04) <= obs_date (2023-08-04),2026-09-09 02:13:07.823746
b2259f95-96b2-49e9-9cad-00c121440426,panel_PG_2023,PG,TARGET_STRICTLY_FORWARD,PASSED,Target realization (2024-08-05) > obs_date (2023-08-04),2026-09-09 02:13:07.824599
2bf19598-c448-4013-ab8a-55d86996145f,panel_PG_2023,PG,TARGET_FISCAL_YEAR_ORDERING,PASSED,Target FY (2024) > Base FY (2023),2026-09-09 02:13:07.825404
1123c109-9af4-4244-a376-6e83878330b6,panel_CSCO_2023,CSCO,FINANCIAL_PIT_TIMESTAMP,PASSED,Financial as-of (2023-09-07) <= obs_date (2023-09-07),2026-09-09 02:13:07.826268
30f7f355-10ad-4cf4-bd15-31dd83449139,panel_CSCO_2023,CSCO,FILING_PIT_TIMESTAMP,PASSED,Filing as-of (2023-09-07) <= obs_date (2023-09-07),2026-09-09 02:13:07.827247
2a5843b5-e28f-436f-836f-3f7610cf75b5,panel_CSCO_2023,CSCO,TARGET_STRICTLY_FORWARD,PASSED,Target realization (2024-09-05) > obs_date (2023-09-07),2026-09-09 02:13:07.828193
4a8ea165-aa38-48b2-9e4c-93c5b9c4fa95,panel_CSCO_2023,CSCO,TARGET_FISCAL_YEAR_ORDERING,PASSED,Target FY (2024) > Base FY (2023),2026-09-09 02:13:07.828986
f5e262fc-d8f3-43ea-b858-730af9f85cec,panel_COST_2023,COST,FINANCIAL_PIT_TIMESTAMP,PASSED,Financial as-of (2023-10-11) <= obs_date (2023-10-11),2026-09-09 02:13:07.829791
9bfc4210-9b7c-4a71-8313-f276c732338c,panel_COST_2023,COST,FILING_PIT_TIMESTAMP,PASSED,Filing as-of (2023-10-11) <= obs_date (2023-10-11),2026-09-09 02:13:07.830594
28766b9f-a67f-47f6-9d76-8091497d1708,panel_COST_2023,COST,TARGET_STRICTLY_FORWARD,PASSED,Target realization (2024-10-09) > obs_date (2023-10-11),2026-09-09 02:13:07.831359
a7edb966-c9da-4219-8957-de27862f431e,panel_COST_2023,COST,TARGET_FISCAL_YEAR_ORDERING,PASSED,Target FY (2024) > Base FY (2023),2026-09-09 02:13:07.83213
b6badb31-6463-4648-a7bc-adad0cccc307,panel_AAPL_2023,AAPL,FINANCIAL_PIT_TIMESTAMP,PASSED,Financial as-of (2023-11-03) <= obs_date (2023-11-03),2026-09-09 02:13:07.832922
05b887b6-ea38-4bd2-a2d5-df6b5a42a743,panel_AAPL_2023,AAPL,FILING_PIT_TIMESTAMP,PASSED,Filing as-of (2023-11-03) <= obs_date (2023-11-03),2026-09-09 02:13:07.8337
7a9f8171-1c12-472f-b09a-473c1c31b2c6,panel_AAPL_2023,AAPL,TARGET_STRICTLY_FORWARD,PASSED,Target realization (2024-11-01) > obs_date (2023-11-03),2026-09-09 02:13:07.834525
0a29c18d-f528-4f81-85a3-b201794dcfa6,panel_AAPL_2023,AAPL,TARGET_FISCAL_YEAR_ORDERING,PASSED,Target FY (2024) > Base FY (2023),2026-09-09 02:13:07.835433
cd8dd73b-d5ad-40c7-9c29-bc460f0065a8,panel_LMT_2023,LMT,FINANCIAL_PIT_TIMESTAMP,PASSED,Financial as-of (2024-01-24) <= obs_date (2024-01-24),2026-09-09 02:13:07.836307
f3e3ddd1-0793-4990-9ae2-e0d538fde88a,panel_LMT_2023,LMT,FILING_PIT_TIMESTAMP,PASSED,Filing as-of (2024-01-24) <= obs_date (2024-01-24),2026-09-09 02:13:07.837349
4b067790-562e-4c5d-a031-cc9b8b379832,panel_LMT_2023,LMT,TARGET_STRICTLY_FORWARD,PASSED,Target realization (2025-01-28) > obs_date (2024-01-24),2026-09-09 02:13:07.838229
fc63b053-ebc5-4ce5-b425-308548419b3c,panel_LMT_2023,LMT,TARGET_FISCAL_YEAR_ORDERING,PASSED,Target FY (2024) > Base FY (2023),2026-09-09 02:13:07.839022
93af58d0-2711-4b12-b34e-e18a10daa72c,panel_SLB_2023,SLB,FINANCIAL_PIT_TIMESTAMP,PASSED,Financial as-of (2024-01-24) <= obs_date (2024-01-24),2026-09-09 02:13:07.839845
605b2e7d-ae4d-464b-9d12-5bb2dd545568,panel_SLB_2023,SLB,FILING_PIT_TIMESTAMP,PASSED,Filing as-of (2024-01-24) <= obs_date (2024-01-24),2026-09-09 02:13:07.840705
13c3b85a-9c95-43f4-b681-bdbe27ba01cf,panel_SLB_2023,SLB,TARGET_STRICTLY_FORWARD,PASSED,Target realization (2025-01-22) > obs_date (2024-01-24),2026-09-09 02:13:07.841585
d4ee01ce-f5ab-460b-a3b3-31438ec3be20,panel_SLB_2023,SLB,TARGET_FISCAL_YEAR_ORDERING,PASSED,Target FY (2024) > Base FY (2023),2026-09-09 02:13:07.842531
95d25d26-be53-48f3-912c-df9cd8748d22,panel_INTC_2023,INTC,FINANCIAL_PIT_TIMESTAMP,PASSED,Financial as-of (2024-01-26) <= obs_date (2024-01-26),2026-09-09 02:13:07.843425
32c517dd-5ba0-47af-b07b-dfef98524bc2,panel_INTC_2023,INTC,FILING_PIT_TIMESTAMP,PASSED,Filing as-of (2024-01-26) <= obs_date (2024-01-26),2026-09-09 02:13:07.844272
5cfa35cd-dead-4f0b-9993-7492fd9a905d,panel_INTC_2023,INTC,TARGET_STRICTLY_FORWARD,PASSED,Target realization (2025-01-31) > obs_date (2024-01-26),2026-09-09 02:13:07.84509
bc68cfc1-4ed8-4d93-bc35-8ffb27d66357,panel_INTC_2023,INTC,TARGET_FISCAL_YEAR_ORDERING,PASSED,Target FY (2024) > Base FY (2023),2026-09-09 02:13:07.845971
a67233d2-7810-4842-b147-85e3e1735e9d,panel_AMZN_2023,AMZN,FINANCIAL_PIT_TIMESTAMP,PASSED,Financial as-of (2024-02-02) <= obs_date (2024-02-02),2026-09-09 02:13:07.846779
85eb72d0-1e36-4611-bcfa-6c667cd24ef2,panel_AMZN_2023,AMZN,FILING_PIT_TIMESTAMP,PASSED,Filing as-of (2024-02-02) <= obs_date (2024-02-02),2026-09-09 02:13:07.8476
756a1855-f5d0-4aaa-b8ac-ee6dfaaccac3,panel_AMZN_2023,AMZN,TARGET_STRICTLY_FORWARD,PASSED,Target realization (2025-02-07) > obs_date (2024-02-02),2026-09-09 02:13:07.848402
61534bc7-5c3e-487f-b2d3-2cd5473ba241,panel_AMZN_2023,AMZN,TARGET_FISCAL_YEAR_ORDERING,PASSED,Target FY (2024) > Base FY (2023),2026-09-09 02:13:07.849232
b44f143e-887e-4258-86e2-897df50256a1,panel_MMM_2023,MMM,FINANCIAL_PIT_TIMESTAMP,PASSED,Financial as-of (2024-02-07) <= obs_date (2024-02-07),2026-09-09 02:13:07.850052
9aca067e-1ff0-4e93-b551-d5b65ffe8fb0,panel_MMM_2023,MMM,FILING_PIT_TIMESTAMP,PASSED,Filing as-of (2024-02-07) <= obs_date (2024-02-07),2026-09-09 02:13:07.850856
663d596a-da27-4f24-86c2-ae2ba227439e,panel_MMM_2023,MMM,TARGET_STRICTLY_FORWARD,PASSED,Target realization (2025-02-05) > obs_date (2024-02-07),2026-09-09 02:13:07.851708
c13d16e7-4ae8-47a9-b76e-640e5ece7da5,panel_MMM_2023,MMM,TARGET_FISCAL_YEAR_ORDERING,PASSED,Target FY (2024) > Base FY (2023),2026-09-09 02:13:07.852684
8493499f-3bc2-4a1f-ac95-df6dd3975dfe,panel_PEP_2023,PEP,FINANCIAL_PIT_TIMESTAMP,PASSED,Financial as-of (2024-02-09) <= obs_date (2024-02-09),2026-09-09 02:13:07.853746
121c75cb-2edd-40ae-bfcf-6c0172d6d36b,panel_PEP_2023,PEP,FILING_PIT_TIMESTAMP,PASSED,Filing as-of (2024-02-09) <= obs_date (2024-02-09),2026-09-09 02:13:07.854646
e5ebb927-3cee-49b6-bafd-582a9254ef97,panel_PEP_2023,PEP,TARGET_STRICTLY_FORWARD,PASSED,Target realization (2025-02-04) > obs_date (2024-02-09),2026-09-09 02:13:07.855495
721636a8-e09f-4aa3-93fa-ac7af57d6c40,panel_PEP_2023,PEP,TARGET_FISCAL_YEAR_ORDERING,PASSED,Target FY (2024) > Base FY (2023),2026-09-09 02:13:07.856315
32adc3fc-6aef-452e-89fa-11f64da0eb32,panel_UNP_2023,UNP,FINANCIAL_PIT_TIMESTAMP,PASSED,Financial as-of (2024-02-09) <= obs_date (2024-02-09),2026-09-09 02:13:07.857198
ac230b2e-5a4b-4a45-9279-6397f8251d57,panel_UNP_2023,UNP,FILING_PIT_TIMESTAMP,PASSED,Filing as-of (2024-02-09) <= obs_date (2024-02-09),2026-09-09 02:13:07.857972
8ba59a1f-0e2a-4421-bb1b-b8311a772ed7,panel_UNP_2023,UNP,TARGET_STRICTLY_FORWARD,PASSED,Target realization (2025-02-07) > obs_date (2024-02-09),2026-09-09 02:13:07.858751
66c5653f-637c-47c4-a544-4601d3fbdc9e,panel_UNP_2023,UNP,TARGET_FISCAL_YEAR_ORDERING,PASSED,Target FY (2024) > Base FY (2023),2026-09-09 02:13:07.859538
e1caf4cd-f476-4ed8-a8e5-5a0e57e8d159,panel_COP_2023,COP,FINANCIAL_PIT_TIMESTAMP,PASSED,Financial as-of (2024-02-15) <= obs_date (2024-02-15),2026-09-09 02:13:07.860295
56f0ce03-1cd2-4500-bcb0-c2bb0857a9f6,panel_COP_2023,COP,FILING_PIT_TIMESTAMP,PASSED,Filing as-of (2024-02-15) <= obs_date (2024-02-15),2026-09-09 02:13:07.861069
8226a3ad-a864-4085-9826-21b73ea2acb3,panel_COP_2023,COP,TARGET_STRICTLY_FORWARD,PASSED,Target realization (2025-02-18) > obs_date (2024-02-15),2026-09-09 02:13:07.861879
befbc5bf-d1e3-4257-9b5e-e9d0aa377b85,panel_COP_2023,COP,TARGET_FISCAL_YEAR_ORDERING,PASSED,Target FY (2024) > Base FY (2023),2026-09-09 02:13:07.862658
ace21196-4b1b-41d1-82ad-3f2f16aad547,panel_HON_2023,HON,FINANCIAL_PIT_TIMESTAMP,PASSED,Financial as-of (2024-02-16) <= obs_date (2024-02-16),2026-09-09 02:13:07.863417
574f3271-c5e5-48d2-ab22-40527c5b2695,panel_HON_2023,HON,FILING_PIT_TIMESTAMP,PASSED,Filing as-of (2024-02-16) <= obs_date (2024-02-16),2026-09-09 02:13:07.864226
7f5ef4dc-1db3-4dfc-a8a9-7c5ce0e76b5c,panel_HON_2023,HON,TARGET_STRICTLY_FORWARD,PASSED,Target realization (2025-02-14) > obs_date (2024-02-16),2026-09-09 02:13:07.865144
bb98b5ab-22eb-4fc0-8721-cd14490b4147,panel_HON_2023,HON,TARGET_FISCAL_YEAR_ORDERING,PASSED,Target FY (2024) > Base FY (2023),2026-09-09 02:13:07.865931
119516da-c32e-40ca-a656-9f702b7d8f19,panel_ABT_2023,ABT,FINANCIAL_PIT_TIMESTAMP,PASSED,Financial as-of (2024-02-17) <= obs_date (2024-02-17),2026-09-09 02:13:07.866742
726aab83-228f-46d9-b0b3-fbbb23ada924,panel_ABT_2023,ABT,FILING_PIT_TIMESTAMP,PASSED,Filing as-of (2024-02-17) <= obs_date (2024-02-17),2026-09-09 02:13:07.867695
d79bad8b-57a8-430d-a337-4d69fd832e95,panel_ABT_2023,ABT,TARGET_STRICTLY_FORWARD,PASSED,Target realization (2025-02-21) > obs_date (2024-02-17),2026-09-09 02:13:07.868535
923c2f99-1c4f-41a2-ad5f-4657ca98a3ff,panel_ABT_2023,ABT,TARGET_FISCAL_YEAR_ORDERING,PASSED,Target FY (2024) > Base FY (2023),2026-09-09 02:13:07.869381
6282535e-45a7-43b3-9497-d4f64d2cbb9c,panel_CAT_2023,CAT,FINANCIAL_PIT_TIMESTAMP,PASSED,Financial as-of (2024-02-16) <= obs_date (2024-02-16),2026-09-09 02:13:07.870185
18575233-2817-4af7-b41c-ba39dcabc5a1,panel_CAT_2023,CAT,FILING_PIT_TIMESTAMP,PASSED,Filing as-of (2024-02-16) <= obs_date (2024-02-16),2026-09-09 02:13:07.870956
889a3bb8-bf9a-4a38-b505-58e251c738d9,panel_CAT_2023,CAT,TARGET_STRICTLY_FORWARD,PASSED,Target realization (2025-02-14) > obs_date (2024-02-16),2026-09-09 02:13:07.871711
f9dd9dbb-de59-4d4e-a173-4c08ffc1130d,panel_CAT_2023,CAT,TARGET_FISCAL_YEAR_ORDERING,PASSED,Target FY (2024) > Base FY (2023),2026-09-09 02:13:07.872505
661b0f8f-e9ea-440e-84fb-c0e8cbed62f7,panel_JNJ_2023,JNJ,FINANCIAL_PIT_TIMESTAMP,PASSED,Financial as-of (2024-02-17) <= obs_date (2024-02-17),2026-09-09 02:13:07.873326
bc304597-a639-4e5e-a749-afeca54e0388,panel_JNJ_2023,JNJ,FILING_PIT_TIMESTAMP,PASSED,Filing as-of (2024-02-17) <= obs_date (2024-02-17),2026-09-09 02:13:07.874104
04012f9b-263c-4cdc-915d-0f1b32809979,panel_JNJ_2023,JNJ,TARGET_STRICTLY_FORWARD,PASSED,Target realization (2025-02-13) > obs_date (2024-02-17),2026-09-09 02:13:07.874912
fd3a6fa4-7482-4a27-948c-364da899d7aa,panel_JNJ_2023,JNJ,TARGET_FISCAL_YEAR_ORDERING,PASSED,Target FY (2024) > Base FY (2023),2026-09-09 02:13:07.87585
8c5df3d2-a2c9-4ac9-9768-98e8a09eb3ca,panel_KO_2023,KO,FINANCIAL_PIT_TIMESTAMP,PASSED,Financial as-of (2024-02-20) <= obs_date (2024-02-20),2026-09-09 02:13:07.876702
df994310-f95d-4159-b0b4-e953faf000fc,panel_KO_2023,KO,FILING_PIT_TIMESTAMP,PASSED,Filing as-of (2024-02-20) <= obs_date (2024-02-20),2026-09-09 02:13:07.877544
9abaf20b-d31e-43a0-bfe4-c1165db35817,panel_KO_2023,KO,TARGET_STRICTLY_FORWARD,PASSED,Target realization (2025-02-20) > obs_date (2024-02-20),2026-09-09 02:13:07.878379
51275f8d-b4a3-4abd-ac67-5214e84483ed,panel_KO_2023,KO,TARGET_FISCAL_YEAR_ORDERING,PASSED,Target FY (2024) > Base FY (2023),2026-09-09 02:13:07.879193
5983b0b6-49d7-4c4e-9277-b94947edf133,panel_NVDA_2024,NVDA,FINANCIAL_PIT_TIMESTAMP,PASSED,Financial as-of (2024-02-22) <= obs_date (2024-02-22),2026-09-09 02:13:07.879982
8fbf666a-cc26-476d-bfb6-93d9f5c645af,panel_NVDA_2024,NVDA,FILING_PIT_TIMESTAMP,PASSED,Filing as-of (2024-02-22) <= obs_date (2024-02-22),2026-09-09 02:13:07.88079
601cc726-0519-4737-afca-d3cd8ebbef2f,panel_TMO_2023,TMO,FINANCIAL_PIT_TIMESTAMP,PASSED,Financial as-of (2024-02-22) <= obs_date (2024-02-22),2026-09-09 02:13:07.88158
8d9c4cf6-38b6-496f-9131-1eeae69776bb,panel_TMO_2023,TMO,FILING_PIT_TIMESTAMP,PASSED,Filing as-of (2024-02-22) <= obs_date (2024-02-22),2026-09-09 02:13:07.882373
e7247cd3-399d-4ba3-bff0-89309d34a631,panel_TMO_2023,TMO,TARGET_STRICTLY_FORWARD,PASSED,Target realization (2025-02-20) > obs_date (2024-02-22),2026-09-09 02:13:07.883163
badfbc6c-d49a-4771-ae17-2d8254171db0,panel_TMO_2023,TMO,TARGET_FISCAL_YEAR_ORDERING,PASSED,Target FY (2024) > Base FY (2023),2026-09-09 02:13:07.884005
5a8cc5f7-5801-4750-aa59-3fb83632de4c,panel_PFE_2023,PFE,FINANCIAL_PIT_TIMESTAMP,PASSED,Financial as-of (2024-02-22) <= obs_date (2024-02-22),2026-09-09 02:13:07.884916
02d2001b-ffb9-4d47-ac89-84437b9edad6,panel_PFE_2023,PFE,FILING_PIT_TIMESTAMP,PASSED,Filing as-of (2024-02-22) <= obs_date (2024-02-22),2026-09-09 02:13:07.88591
00c2b233-5772-46f0-acdc-8d48a6c9291c,panel_PFE_2023,PFE,TARGET_STRICTLY_FORWARD,PASSED,Target realization (2025-02-27) > obs_date (2024-02-22),2026-09-09 02:13:07.886721
61f67dd8-b325-4920-8997-02f9e64849fc,panel_PFE_2023,PFE,TARGET_FISCAL_YEAR_ORDERING,PASSED,Target FY (2024) > Base FY (2023),2026-09-09 02:13:07.887488
23b25b9d-808a-425a-8531-c422045041e9,panel_MCD_2023,MCD,FINANCIAL_PIT_TIMESTAMP,PASSED,Financial as-of (2024-02-22) <= obs_date (2024-02-22),2026-09-09 02:13:07.888265
57196480-c3c9-4e46-906f-62e3692eaa8c,panel_MCD_2023,MCD,FILING_PIT_TIMESTAMP,PASSED,Filing as-of (2024-02-22) <= obs_date (2024-02-22),2026-09-09 02:13:07.889068
048f1326-81df-4242-92bb-04517f8128ad,panel_MCD_2023,MCD,TARGET_STRICTLY_FORWARD,PASSED,Target realization (2025-02-25) > obs_date (2024-02-22),2026-09-09 02:13:07.890017
6b525704-45d9-4f3a-9d9f-f1c8a2510447,panel_MCD_2023,MCD,TARGET_FISCAL_YEAR_ORDERING,PASSED,Target FY (2024) > Base FY (2023),2026-09-09 02:13:07.89085
38e7a56a-3d41-43bf-bf5c-f955cbc4bd37,panel_EOG_2023,EOG,FINANCIAL_PIT_TIMESTAMP,PASSED,Financial as-of (2024-02-23) <= obs_date (2024-02-23),2026-09-09 02:13:07.891706
2b43aa99-5789-4372-9d22-0f5c2877330c,panel_EOG_2023,EOG,FILING_PIT_TIMESTAMP,PASSED,Filing as-of (2024-02-23) <= obs_date (2024-02-23),2026-09-09 02:13:07.89263
9a12edd0-ca1c-4abe-b59d-154aa0af7ace,panel_EOG_2023,EOG,TARGET_STRICTLY_FORWARD,PASSED,Target realization (2025-02-27) > obs_date (2024-02-23),2026-09-09 02:13:07.893453
1420f515-eebe-410d-b857-6c7b08e6e0aa,panel_EOG_2023,EOG,TARGET_FISCAL_YEAR_ORDERING,PASSED,Target FY (2024) > Base FY (2023),2026-09-09 02:13:07.894343
817f296e-fc34-4b55-8805-059dbfe1ede9,panel_MRK_2023,MRK,FINANCIAL_PIT_TIMESTAMP,PASSED,Financial as-of (2024-02-27) <= obs_date (2024-02-27),2026-09-09 02:13:07.895144
23b773b7-3a10-4a27-9e29-a100338800ee,panel_MRK_2023,MRK,FILING_PIT_TIMESTAMP,PASSED,Filing as-of (2024-02-27) <= obs_date (2024-02-27),2026-09-09 02:13:07.895983
2fec8621-2fe6-41d6-9aaf-f6160e0ea950,panel_MRK_2023,MRK,TARGET_STRICTLY_FORWARD,PASSED,Target realization (2025-02-25) > obs_date (2024-02-27),2026-09-09 02:13:07.896806
8921dcef-4e7e-42c2-a5b0-1eccaa7a669f,panel_MRK_2023,MRK,TARGET_FISCAL_YEAR_ORDERING,PASSED,Target FY (2024) > Base FY (2023),2026-09-09 02:13:07.897601
faf4fd0b-c0cb-4bed-99c6-2bf2a457861d,panel_CVX_2023,CVX,FINANCIAL_PIT_TIMESTAMP,PASSED,Financial as-of (2024-02-27) <= obs_date (2024-02-27),2026-09-09 02:13:07.898424
86562795-122c-45d7-af2b-48af58da65f6,panel_CVX_2023,CVX,FILING_PIT_TIMESTAMP,PASSED,Filing as-of (2024-02-27) <= obs_date (2024-02-27),2026-09-09 02:13:07.899252
baeb1497-a395-4a65-a717-5a8df14ed539,panel_CVX_2023,CVX,TARGET_STRICTLY_FORWARD,PASSED,Target realization (2025-02-21) > obs_date (2024-02-27),2026-09-09 02:13:07.900029
337acca5-cd9b-43fe-8c86-02ed37321c51,panel_CVX_2023,CVX,TARGET_FISCAL_YEAR_ORDERING,PASSED,Target FY (2024) > Base FY (2023),2026-09-09 02:13:07.900807
5fd4de39-8a62-4d28-a81b-666ffbc97016,panel_XOM_2023,XOM,FINANCIAL_PIT_TIMESTAMP,PASSED,Financial as-of (2024-02-29) <= obs_date (2024-02-29),2026-09-09 02:13:07.901614
6ea486a3-9525-4108-8e25-e8b3df2461f6,panel_XOM_2023,XOM,FILING_PIT_TIMESTAMP,PASSED,Filing as-of (2024-02-29) <= obs_date (2024-02-29),2026-09-09 02:13:07.90248
9ea639ee-b88c-411d-ac09-79c469121089,panel_XOM_2023,XOM,TARGET_STRICTLY_FORWARD,PASSED,Target realization (2025-02-19) > obs_date (2024-02-29),2026-09-09 02:13:07.903246
d8848c81-778c-4a4f-bd99-5b4ce321faf4,panel_XOM_2023,XOM,TARGET_FISCAL_YEAR_ORDERING,PASSED,Target FY (2024) > Base FY (2023),2026-09-09 02:13:07.904025
8e66a9ec-5c3b-49ee-a5f2-a2eb6f2ebc21,panel_HD_2023,HD,FINANCIAL_PIT_TIMESTAMP,PASSED,Financial as-of (2024-03-13) <= obs_date (2024-03-13),2026-09-09 02:13:07.904844
a5d0a743-3434-4f0b-b80b-e89edf2b18ff,panel_HD_2023,HD,FILING_PIT_TIMESTAMP,PASSED,Filing as-of (2024-03-13) <= obs_date (2024-03-13),2026-09-09 02:13:07.905608
ce9605f5-9e3d-4adc-ab21-155af957e8b6,panel_HD_2023,HD,TARGET_STRICTLY_FORWARD,PASSED,Target realization (2025-03-21) > obs_date (2024-03-13),2026-09-09 02:13:07.906399
41056a4f-9a67-4a6f-878a-597ac8671070,panel_HD_2023,HD,TARGET_FISCAL_YEAR_ORDERING,PASSED,Target FY (2024) > Base FY (2023),2026-09-09 02:13:07.907257
77330ddc-c7e3-4718-baa9-bca7f15be157,panel_WMT_2024,WMT,FINANCIAL_PIT_TIMESTAMP,PASSED,Financial as-of (2024-03-15) <= obs_date (2024-03-15),2026-09-09 02:13:07.908049
eaadf492-1cfe-46e4-b10e-1ca63ff31968,panel_WMT_2024,WMT,FILING_PIT_TIMESTAMP,PASSED,Filing as-of (2024-03-15) <= obs_date (2024-03-15),2026-09-09 02:13:07.908837
dff0211b-bf70-4832-97ed-95e1bc4f7d78,panel_LOW_2023,LOW,FINANCIAL_PIT_TIMESTAMP,PASSED,Financial as-of (2024-03-25) <= obs_date (2024-03-25),2026-09-09 02:13:07.90964
dc5bed90-1b40-4d26-94b5-2db1d36bb9db,panel_LOW_2023,LOW,FILING_PIT_TIMESTAMP,PASSED,Filing as-of (2024-03-25) <= obs_date (2024-03-25),2026-09-09 02:13:07.910459
c8bc8b33-0689-4ac7-b5ae-d4eb1ead939f,panel_LOW_2023,LOW,TARGET_STRICTLY_FORWARD,PASSED,Target realization (2025-03-24) > obs_date (2024-03-25),2026-09-09 02:13:07.911235
476ade03-94c0-45b0-8600-20f47758abfb,panel_LOW_2023,LOW,TARGET_FISCAL_YEAR_ORDERING,PASSED,Target FY (2024) > Base FY (2023),2026-09-09 02:13:07.91199
9e56bd77-6ead-4319-bded-8ec263ee1039,panel_NKE_2024,NKE,FINANCIAL_PIT_TIMESTAMP,PASSED,Financial as-of (2024-07-25) <= obs_date (2024-07-25),2026-09-09 02:13:07.912779
f1fcc55d-84bf-4d29-ba30-0c229657fe3e,panel_NKE_2024,NKE,FILING_PIT_TIMESTAMP,PASSED,Filing as-of (2024-07-25) <= obs_date (2024-07-25),2026-09-09 02:13:07.91354
2d5d08a5-4f60-40b0-9933-4b85e9b712b6,panel_MSFT_2024,MSFT,FINANCIAL_PIT_TIMESTAMP,PASSED,Financial as-of (2024-07-30) <= obs_date (2024-07-30),2026-09-09 02:13:07.914312
0c86821d-627f-4ba8-94d6-cdf99e86c029,panel_MSFT_2024,MSFT,FILING_PIT_TIMESTAMP,PASSED,Filing as-of (2024-07-30) <= obs_date (2024-07-30),2026-09-09 02:13:07.915111
55c97c3e-c204-4f54-90ff-3409c99f9550,panel_PG_2024,PG,FINANCIAL_PIT_TIMESTAMP,PASSED,Financial as-of (2024-08-05) <= obs_date (2024-08-05),2026-09-09 02:13:07.915873
b4f87b51-8704-4787-8d1b-1687258a3825,panel_PG_2024,PG,FILING_PIT_TIMESTAMP,PASSED,Filing as-of (2024-08-05) <= obs_date (2024-08-05),2026-09-09 02:13:07.916654
1049e1ac-b0f3-427a-bdaa-e43117987707,panel_CSCO_2024,CSCO,FINANCIAL_PIT_TIMESTAMP,PASSED,Financial as-of (2024-09-05) <= obs_date (2024-09-05),2026-09-09 02:13:07.917424
23572fac-6ae6-4eab-864b-d26d7a260d3f,panel_CSCO_2024,CSCO,FILING_PIT_TIMESTAMP,PASSED,Filing as-of (2024-09-05) <= obs_date (2024-09-05),2026-09-09 02:13:07.918229
8c542289-e24e-4ce3-9a41-75257928b46e,panel_COST_2024,COST,FINANCIAL_PIT_TIMESTAMP,PASSED,Financial as-of (2024-10-09) <= obs_date (2024-10-09),2026-09-09 02:13:07.919021
08f5856d-1be7-4fe8-9c04-ab1d9eb8f1fe,panel_COST_2024,COST,FILING_PIT_TIMESTAMP,PASSED,Filing as-of (2024-10-09) <= obs_date (2024-10-09),2026-09-09 02:13:07.919808
9dab5986-ab1c-4fa4-9539-d58a0838bbe0,panel_AAPL_2024,AAPL,FINANCIAL_PIT_TIMESTAMP,PASSED,Financial as-of (2024-11-01) <= obs_date (2024-11-01),2026-09-09 02:13:07.920609
527e0f31-4531-4120-8fcc-43c86be33957,panel_AAPL_2024,AAPL,FILING_PIT_TIMESTAMP,PASSED,Filing as-of (2024-11-01) <= obs_date (2024-11-01),2026-09-09 02:13:07.921394
9013c020-a987-47d4-951e-bd6f2e490fa7,SPLIT_FOLD_1_ANNUAL_COHORT,PANEL,WALKFORWARD_CHRONOLOGICAL_SEPARATION,PASSED,max(train) = 2023-11-03 < min(test) = 2024-01-24,2026-09-09 02:13:07.922159
e6bf342a-76d4-41e0-b6ca-e3dcb3c6e852,SPLIT_FOLD_2_SUBPERIOD_EXPANDING,PANEL,WALKFORWARD_CHRONOLOGICAL_SEPARATION,PASSED,max(train) = 2023-03-27 < min(test) = 2023-07-20,2026-09-09 02:13:07.922918
