test_type,stratum,sample_size,baseline_mae,enhanced_mae,delta_mae,baseline_rmse,enhanced_rmse,delta_rmse
SECTOR_SUBSET,Consumer Discretionary,5,0.01373,0.01682,-0.0031,0.01981,0.02308,-0.00327
SECTOR_SUBSET,Consumer Staples,5,0.02347,0.03138,-0.00791,0.02739,0.03201,-0.00462
SECTOR_SUBSET,Energy,5,0.02253,0.03625,-0.01372,0.02993,0.03691,-0.00698
SECTOR_SUBSET,Health Care,5,0.11039,0.15057,-0.04018,0.14386,0.18008,-0.03623
SECTOR_SUBSET,Industrials,5,0.32197,0.27075,0.05122,0.33097,0.33639,-0.00543
SECTOR_SUBSET,Information Technology,5,0.34558,0.22793,0.11765,0.40111,0.29638,0.10474
REGULARIZATION_LAMBDA,alpha_0.1,30,0.11908,0.1651,-0.04602,0.18913,0.22683,-0.0377
REGULARIZATION_LAMBDA,alpha_1.0,30,0.11371,0.14362,-0.02991,0.18379,0.1919,-0.00812
REGULARIZATION_LAMBDA,alpha_10.0,30,0.09673,0.11219,-0.01547,0.16074,0.15732,0.00342
REGULARIZATION_LAMBDA,alpha_50.0,30,0.08297,0.09221,-0.00924,0.14345,0.1462,-0.00275
