robustness_id,test_dimension,subgroup,n_obs,baseline_mae,enhanced_mae,delta_mae,pct_improvement,p_value,conclusion,created_at
ea1407d8-aadd-4d46-85c2-b9ad9ca50bff,SECTOR_SUBSAMPLE,Consumer Discretionary,3,0.01564065492338568,0.016659551367741804,-0.0010188964443561231,-6.514410357795721,0.027111631539701087,DEGRADED,2026-09-09 02:13:13.946381
24a3f2ff-fdf9-43d0-8620-caf1514e5f6f,SECTOR_SUBSAMPLE,Consumer Staples,2,0.029213302541969657,0.031020219602870915,-0.001806917060901258,-6.185254331670745,1.0,DEGRADED,2026-09-09 02:13:13.947853
8dd32753-f540-471f-b942-30c36b888144,SECTOR_SUBSAMPLE,Energy,5,0.02552065117007455,0.02621393645450392,-0.0006932852844293708,-2.716565810994334,0.22706262931172638,DEGRADED,2026-09-09 02:13:13.948996
79935c2d-1f94-46c7-9d1f-5419fdfaec71,SECTOR_SUBSAMPLE,Health Care,5,0.104417060234071,0.10419290451920357,0.0002241557148674328,0.21467345888204906,0.6448982777803953,NEUTRAL,2026-09-09 02:13:13.950161
aa863493-0d1b-4135-bba2-1dae16324a5c,SECTOR_SUBSAMPLE,Industrials,4,0.14085792322855326,0.1415016481394662,-0.0006437249109129406,-0.4570029829762898,0.6770872713498037,DEGRADED,2026-09-09 02:13:13.951264
4b35904a-164f-4930-baa6-8224194a7df4,REGULARIZATION_SENSITIVITY,Alpha=0.01,20,0.09859242489180071,0.10122714602133717,-0.0026347211295364575,-2.6723362696757955,0.09190730232773836,SENSITIVE_TO_PENALTY,2026-09-09 02:13:13.952424
8c817b4b-79f2-475c-91d3-ba4c93c5a14b,REGULARIZATION_SENSITIVITY,Alpha=0.1,20,0.0985654526597478,0.10078085820339411,-0.002215405543646312,-2.2476491345238254,0.1362328102971151,SENSITIVE_TO_PENALTY,2026-09-09 02:13:13.953552
81601732-614b-40d3-b977-aa34fc75e457,REGULARIZATION_SENSITIVITY,Alpha=1.0,20,0.09812316950196912,0.09744685831569834,0.0006763111862707755,0.6892471876962794,0.6609933042083129,ROBUST,2026-09-09 02:13:13.954698
8444ae3a-359a-438d-af8a-e0001fd5cfa6,REGULARIZATION_SENSITIVITY,Alpha=10.0,20,0.09505701214769366,0.09395449551760397,0.0011025166300896866,1.159847764178265,0.1477350730647531,ROBUST,2026-09-09 02:13:13.95586
0b6fd558-3e93-4299-863c-59ee29f4f351,REGULARIZATION_SENSITIVITY,Alpha=50.0,20,0.08174615431301385,0.08203542284743823,-0.00028926853442437506,-0.35386194843703367,0.5455992708959225,SENSITIVE_TO_PENALTY,2026-09-09 02:13:13.956975
5689d828-8cbf-4073-a4fa-5d050fc07b64,REGULARIZATION_SENSITIVITY,Alpha=100.0,20,0.07767124168276208,0.07813791441564757,-0.0004666727328854897,-0.6008307872707286,0.2335495668705383,SENSITIVE_TO_PENALTY,2026-09-09 02:13:13.958108
414fa8c2-3a10-4d81-bf6f-5178ee758d63,OUTLIER_TRIMMING,Trimmed_Top_2_Outliers,18,0.04263276230517342,0.04338476088619487,-0.00075199858102145,-1.7638983269216784,0.0354417832194438,DRIVEN_BY_OUTLIERS,2026-09-09 02:13:13.959218
81871974-1260-4171-8c5a-5602244d3b7d,FILING_FEATURES_ONLY,Margin_Pressure_Supply_Chain_Only,20,0.07767124168276208,0.07714169518847525,0.0005295464942868394,0.6817793597914941,0.8714212893351101,PARITY_NO_SIGNIFICANCE,2026-09-09 02:13:13.960364
