ticker,name,sector,cik,form,accession_number,filing_date,sections_detected,passages_extracted,total_claims,validated_claims,rejected_claims,verification_rate,status
AAPL,Apple Inc.,Information Technology,0000320193,10-K,0000320193-24-000123,2024-11-01,10,35,35,35,0,1.0,PROCESSED
AAPL,Apple Inc.,Information Technology,0000320193,10-K,0000320193-23-000106,2023-11-03,9,35,35,35,0,1.0,PROCESSED_PREVIOUS
MSFT,Microsoft Corp.,Information Technology,0000789019,10-K,0000950170-24-087843,2024-07-30,10,41,41,41,0,1.0,PROCESSED
MSFT,Microsoft Corp.,Information Technology,0000789019,10-K,0000950170-23-035122,2023-07-27,9,42,42,42,0,1.0,PROCESSED_PREVIOUS
NVDA,NVIDIA Corp.,Information Technology,0001045810,10-K,0001045810-24-000029,2024-02-21,9,40,40,40,0,1.0,PROCESSED
NVDA,NVIDIA Corp.,Information Technology,0001045810,10-K,0001045810-23-000017,2023-02-24,8,40,40,40,0,1.0,PROCESSED_PREVIOUS
INTC,Intel Corp.,Information Technology,0000050863,10-K,0000050863-24-000010,2024-01-26,2,2,2,2,0,1.0,PROCESSED
INTC,Intel Corp.,Information Technology,0000050863,10-K,0000050863-23-000006,2023-01-27,3,2,2,2,0,1.0,PROCESSED_PREVIOUS
CSCO,"Cisco Systems, Inc.",Information Technology,0000858877,10-K,0000858877-24-000017,2024-09-05,9,40,40,40,0,1.0,PROCESSED
CSCO,"Cisco Systems, Inc.",Information Technology,0000858877,10-K,0000858877-23-000023,2023-09-07,8,40,39,39,0,1.0,PROCESSED_PREVIOUS
JNJ,Johnson & Johnson,Health Care,0000200406,10-K,0000200406-24-000013,2024-02-16,10,17,17,17,0,1.0,PROCESSED
JNJ,Johnson & Johnson,Health Care,0000200406,10-K,0000200406-23-000016,2023-02-16,9,25,25,25,0,1.0,PROCESSED_PREVIOUS
PFE,Pfizer Inc.,Health Care,0000078003,10-K,0000078003-24-000039,2024-02-22,10,41,41,41,0,1.0,PROCESSED
PFE,Pfizer Inc.,Health Care,0000078003,10-K,0000078003-23-000024,2023-02-23,9,39,39,39,0,1.0,PROCESSED_PREVIOUS
ABT,Abbott Laboratories,Health Care,0000001800,10-K,0001628280-24-005348,2024-02-16,10,41,41,41,0,1.0,PROCESSED
ABT,Abbott Laboratories,Health Care,0000001800,10-K,0001628280-23-004026,2023-02-17,9,40,40,40,0,1.0,PROCESSED_PREVIOUS
MRK,"Merck & Co., Inc.",Health Care,0000310158,10-K/A,0001193125-24-093194,2024-04-11,0,0,0,0,0,1.0,PROCESSED
MRK,"Merck & Co., Inc.",Health Care,0000310158,10-K,0001628280-24-006850,2024-02-26,10,44,43,43,0,1.0,PROCESSED_PREVIOUS
TMO,Thermo Fisher Scientific Inc.,Health Care,0000097745,10-K,0000097745-24-000007,2024-02-22,10,44,44,44,0,1.0,PROCESSED
TMO,Thermo Fisher Scientific Inc.,Health Care,0000097745,10-K,0000097745-23-000008,2023-02-23,8,41,41,41,0,1.0,PROCESSED_PREVIOUS
WMT,Walmart Inc.,Consumer Staples,0000104169,10-K,0000104169-24-000056,2024-03-15,9,38,38,38,0,1.0,PROCESSED
PG,Procter & Gamble Co.,Consumer Staples,0000080424,10-K,0000080424-24-000083,2024-08-05,10,45,45,45,0,1.0,PROCESSED
PG,Procter & Gamble Co.,Consumer Staples,0000080424,10-K,0000080424-23-000073,2023-08-04,9,45,45,45,0,1.0,PROCESSED_PREVIOUS
KO,Coca-Cola Co.,Consumer Staples,0000021344,10-K,0000021344-24-000009,2024-02-20,10,45,44,44,0,1.0,PROCESSED
KO,Coca-Cola Co.,Consumer Staples,0000021344,10-K,0000021344-23-000011,2023-02-21,9,44,44,44,0,1.0,PROCESSED_PREVIOUS
PEP,"PepsiCo, Inc.",Consumer Staples,0000077476,10-K,0000077476-24-000008,2024-02-09,9,34,33,33,0,1.0,PROCESSED
PEP,"PepsiCo, Inc.",Consumer Staples,0000077476,10-K,0000077476-23-000007,2023-02-09,8,34,33,33,0,1.0,PROCESSED_PREVIOUS
COST,Costco Wholesale Corp.,Consumer Staples,0000909832,10-K,0000909832-24-000049,2024-10-09,9,36,36,36,0,1.0,PROCESSED
COST,Costco Wholesale Corp.,Consumer Staples,0000909832,10-K,0000909832-23-000042,2023-10-11,8,32,32,32,0,1.0,PROCESSED_PREVIOUS
AMZN,"Amazon.com, Inc.",Consumer Discretionary,0001018724,10-K,0001018724-24-000008,2024-02-02,8,38,38,38,0,1.0,PROCESSED
AMZN,"Amazon.com, Inc.",Consumer Discretionary,0001018724,10-K,0001018724-23-000004,2023-02-03,7,38,38,38,0,1.0,PROCESSED_PREVIOUS
HD,"Home Depot, Inc.",Consumer Discretionary,0000354950,10-K,0000354950-24-000062,2024-03-13,10,34,34,34,0,1.0,PROCESSED
HD,"Home Depot, Inc.",Consumer Discretionary,0000354950,10-K,0000354950-23-000059,2023-03-15,8,33,33,33,0,1.0,PROCESSED_PREVIOUS
NKE,"Nike, Inc.",Consumer Discretionary,0000320187,10-K,0000320187-24-000044,2024-07-25,10,37,37,37,0,1.0,PROCESSED
NKE,"Nike, Inc.",Consumer Discretionary,0000320187,10-K,0000320187-23-000039,2023-07-20,9,36,36,36,0,1.0,PROCESSED_PREVIOUS
MCD,McDonald's Corp.,Consumer Discretionary,0000063908,10-K,0000063908-24-000072,2024-02-22,0,0,0,0,0,1.0,PROCESSED
MCD,McDonald's Corp.,Consumer Discretionary,0000063908,10-K,0000063908-23-000012,2023-02-24,0,0,0,0,0,1.0,PROCESSED_PREVIOUS
LOW,"Lowe's Companies, Inc.",Consumer Discretionary,0000060667,10-K,0000060667-24-000033,2024-03-25,10,38,38,38,0,1.0,PROCESSED
LOW,"Lowe's Companies, Inc.",Consumer Discretionary,0000060667,10-K,0000060667-23-000034,2023-03-27,9,37,37,37,0,1.0,PROCESSED_PREVIOUS
CAT,Caterpillar Inc.,Industrials,0000018230,10-K,0000018230-24-000009,2024-02-16,7,45,44,44,0,1.0,PROCESSED
CAT,Caterpillar Inc.,Industrials,0000018230,10-K,0000018230-23-000011,2023-02-15,7,43,41,41,0,1.0,PROCESSED_PREVIOUS
MMM,3M Co.,Industrials,0000066740,10-K,0000066740-24-000016,2024-02-07,9,44,44,44,0,1.0,PROCESSED
MMM,3M Co.,Industrials,0000066740,10-K,0000066740-23-000014,2023-02-08,8,43,43,43,0,1.0,PROCESSED_PREVIOUS
HON,Honeywell International Inc.,Industrials,0000773840,10-K,0000773840-24-000014,2024-02-16,10,1,0,0,0,1.0,PROCESSED
HON,Honeywell International Inc.,Industrials,0000773840,10-K,0000773840-23-000013,2023-02-10,9,1,0,0,0,1.0,PROCESSED_PREVIOUS
UNP,Union Pacific Corp.,Industrials,0000100885,10-K,0001437749-24-003599,2024-02-09,10,34,34,34,0,1.0,PROCESSED
UNP,Union Pacific Corp.,Industrials,0000100885,10-K,0001437749-23-002959,2023-02-10,9,33,33,33,0,1.0,PROCESSED_PREVIOUS
LMT,Lockheed Martin Corp.,Industrials,0000936468,10-K,0000936468-24-000010,2024-01-23,9,43,43,43,0,1.0,PROCESSED
LMT,Lockheed Martin Corp.,Industrials,0000936468,10-K,0000936468-23-000009,2023-01-26,8,45,45,45,0,1.0,PROCESSED_PREVIOUS
XOM,Exxon Mobil Corp.,Energy,0000034088,10-K,0000034088-24-000018,2024-02-28,10,41,40,40,0,1.0,PROCESSED
XOM,Exxon Mobil Corp.,Energy,0000034088,10-K,0000034088-23-000020,2023-02-22,9,42,42,42,0,1.0,PROCESSED_PREVIOUS
CVX,Chevron Corp.,Energy,0000093410,10-K,0000093410-24-000013,2024-02-26,9,17,17,17,0,1.0,PROCESSED
CVX,Chevron Corp.,Energy,0000093410,10-K,0000093410-23-000009,2023-02-23,9,18,18,18,0,1.0,PROCESSED_PREVIOUS
COP,ConocoPhillips,Energy,0001163165,10-K,0001163165-24-000010,2024-02-15,8,36,36,36,0,1.0,PROCESSED
COP,ConocoPhillips,Energy,0001163165,10-K,0001163165-23-000006,2023-02-16,7,37,37,37,0,1.0,PROCESSED_PREVIOUS
SLB,SLB Ltd.,Energy,0000087347,10-K,0000950170-24-006884,2024-01-24,10,25,25,25,0,1.0,PROCESSED
SLB,SLB Ltd.,Energy,0000087347,10-K,0001564590-23-000762,2023-01-25,9,26,26,26,0,1.0,PROCESSED_PREVIOUS
EOG,"EOG Resources, Inc.",Energy,0000821189,10-K,0000821189-24-000011,2024-02-22,9,40,39,39,0,1.0,PROCESSED
EOG,"EOG Resources, Inc.",Energy,0000821189,10-K,0000821189-23-000015,2023-02-23,9,46,45,45,0,1.0,PROCESSED_PREVIOUS
