feature_name,fiscal_period,data_status,observation_count,pct_of_group
average_invested_capital,FY,DERIVED,326,100.0
average_invested_capital,LTM,DERIVED,1207,100.0
cfo_growth_yoy,LTM,DERIVED,1073,99.81
cfo_growth_yoy,LTM,UNRESOLVED,2,0.19
cfo_margin,LTM,DERIVED,1117,92.54
cfo_margin,LTM,UNRESOLVED,90,7.46
ebit_growth_yoy,LTM,DERIVED,1063,98.88
ebit_growth_yoy,LTM,UNRESOLVED,12,1.12
ebit_margin,LTM,DERIVED,1107,91.71
ebit_margin,LTM,UNRESOLVED,100,8.29
ebit_margin,Q1,DERIVED,305,93.27
ebit_margin,Q1,UNRESOLVED,22,6.73
ebit_margin,Q2,DERIVED,307,93.88
ebit_margin,Q2,UNRESOLVED,20,6.12
ebit_margin,Q3,DERIVED,308,94.19
ebit_margin,Q3,UNRESOLVED,19,5.81
ebit_margin,Q4,DERIVED,185,56.75
ebit_margin,Q4,UNRESOLVED,141,43.25
fcf,FY,DERIVED,314,96.32
fcf,FY,UNRESOLVED,12,3.68
fcf,LTM,DERIVED,1152,95.44
fcf,LTM,UNRESOLVED,55,4.56
fcf,Q1,DERIVED,320,97.86
fcf,Q1,UNRESOLVED,7,2.14
fcf,Q2,DERIVED,318,97.25
fcf,Q2,UNRESOLVED,9,2.75
fcf,Q3,DERIVED,319,97.55
fcf,Q3,UNRESOLVED,8,2.45
fcf,Q4,DERIVED,312,95.71
fcf,Q4,UNRESOLVED,14,4.29
fcf_growth_yoy,LTM,DERIVED,1024,95.26
fcf_growth_yoy,LTM,UNRESOLVED,51,4.74
fcf_margin,LTM,DERIVED,1064,88.15
fcf_margin,LTM,UNRESOLVED,143,11.85
fcf_margin,Q1,DERIVED,298,91.13
fcf_margin,Q1,UNRESOLVED,29,8.87
fcf_margin,Q2,DERIVED,298,91.13
fcf_margin,Q2,UNRESOLVED,29,8.87
fcf_margin,Q3,DERIVED,300,91.74
fcf_margin,Q3,UNRESOLVED,27,8.26
fcf_margin,Q4,DERIVED,181,55.52
fcf_margin,Q4,UNRESOLVED,145,44.48
gross_margin,LTM,DERIVED,884,73.24
gross_margin,LTM,UNRESOLVED,323,26.76
gross_margin,Q1,DERIVED,248,75.84
gross_margin,Q1,UNRESOLVED,79,24.16
gross_margin,Q2,DERIVED,250,76.45
gross_margin,Q2,UNRESOLVED,77,23.55
gross_margin,Q3,DERIVED,252,77.06
gross_margin,Q3,UNRESOLVED,75,22.94
gross_margin,Q4,DERIVED,148,45.4
gross_margin,Q4,UNRESOLVED,178,54.6
invested_capital,FY,DERIVED,326,100.0
invested_capital,LTM,DERIVED,1207,100.0
net_debt,FY,DERIVED,326,100.0
net_debt,LTM,DERIVED,1207,100.0
net_debt,Q1,DERIVED,308,94.19
net_debt,Q1,UNRESOLVED,19,5.81
net_debt,Q2,DERIVED,308,94.19
net_debt,Q2,UNRESOLVED,19,5.81
net_debt,Q3,DERIVED,309,94.5
net_debt,Q3,UNRESOLVED,18,5.5
net_debt,Q4,DERIVED,326,100.0
net_margin,LTM,DERIVED,1119,92.71
net_margin,LTM,UNRESOLVED,88,7.29
net_margin,Q1,DERIVED,305,93.27
net_margin,Q1,UNRESOLVED,22,6.73
net_margin,Q2,DERIVED,307,93.88
net_margin,Q2,UNRESOLVED,20,6.12
net_margin,Q3,DERIVED,308,94.19
net_margin,Q3,UNRESOLVED,19,5.81
net_margin,Q4,DERIVED,188,57.67
net_margin,Q4,UNRESOLVED,138,42.33
nopat,FY,DERIVED,323,99.08
nopat,FY,UNRESOLVED,3,0.92
nopat,LTM,DERIVED,1195,99.01
nopat,LTM,UNRESOLVED,12,0.99
normalized_tax_rate,FY,DERIVED,326,100.0
normalized_tax_rate,LTM,DERIVED,1207,100.0
operating_working_capital,LTM,DERIVED,1207,100.0
owc_to_revenue,LTM,DERIVED,1119,92.71
owc_to_revenue,LTM,UNRESOLVED,88,7.29
revenue_growth_yoy,FY,DERIVED,278,100.0
revenue_growth_yoy,LTM,DERIVED,987,91.81
revenue_growth_yoy,LTM,UNRESOLVED,88,8.19
roic,FY,DERIVED,323,99.08
roic,FY,UNRESOLVED,3,0.92
roic,LTM,DERIVED,1195,99.01
roic,LTM,UNRESOLVED,12,0.99
working_capital,LTM,DERIVED,1207,100.0
working_capital_to_revenue,LTM,DERIVED,1119,92.71
working_capital_to_revenue,LTM,UNRESOLVED,88,7.29
