result_id,fold_name,target_name,model_name,model_type,n_train,n_test,mae,rmse,r2,pearson_r,spearman_rho,delta_mae,delta_rmse,pct_mae_improvement,paired_t_stat,p_value,permutation_p_value,bootstrap_ci_lower,bootstrap_ci_upper,brier_score,roc_auc,pr_auc,accuracy,created_at
84bc5b08-7782-43dc-8f3b-c53e4859cee1,FOLD_1_ANNUAL_COHORT,forward_ebit_margin_change,BASELINE,RidgeRegression,26,20,0.07767124168276208,0.14312189489874447,-0.1094706867196591,0.0037310559336730057,-0.13834586466165413,0.0,0.0,0.0,0.0,1.0,1.0,0.0,0.0,,,,,2026-09-09 02:13:13.880526
0528d012-dcd1-4b30-8cc0-6a66ab20a475,FOLD_1_ANNUAL_COHORT,forward_ebit_margin_change,ENHANCED_OPERATIONAL,RidgeRegression,26,20,0.07813791441564757,0.14242937381910678,-0.09875991486593483,0.047314506257973746,-0.1548872180451128,-0.0004666727328854897,0.0006925210796376868,-0.6008307872707286,-1.191265006334447,0.2335495668705383,0.24575424575424576,-0.0011284331983552232,0.0003261906737026322,,,,,2026-09-09 02:13:13.884146
b0bfa51d-bf43-4944-8a91-1b74e2f21a5c,FOLD_1_ANNUAL_COHORT,forward_ebit_margin_change,ENHANCED_RISK,RidgeRegression,26,20,0.07946022860541577,0.1439156723532406,-0.12181142600293948,-0.04991031393070376,-0.07969924812030076,-0.001788986922653682,-0.0007937774544961307,-2.303280962032978,-0.9191573948171081,0.3580132522722659,0.35564435564435565,-0.005490147533485554,0.0020003623226242024,,,,,2026-09-09 02:13:13.886453
ebb928f5-96a0-4349-a8aa-57e675b221bc,FOLD_1_ANNUAL_COHORT,forward_ebit_margin_change,ENHANCED_OPERATING,RidgeRegression,26,20,0.08115286932345511,0.14698106824558851,-0.17010942113529204,-0.13716024680194866,-0.11729323308270677,-0.0034816276406930274,-0.003859173346844047,-4.482518323723052,-1.3937927554253395,0.16338019647187307,0.1968031968031968,-0.008163463349358116,0.0012841222562116551,,,,,2026-09-09 02:13:13.888751
ee411081-45c8-4f7c-9090-74564a5c2245,FOLD_1_ANNUAL_COHORT,forward_ebit_margin_change,ENHANCED_MANAGEMENT,RidgeRegression,26,20,0.0835931852449606,0.15090560348858803,-0.23342972389685923,-0.3452776886119699,-0.4180451127819549,-0.005921943562198509,-0.007783708589843563,-7.624370917598953,-2.6537134133015776,0.007961140992614801,0.013986013986013986,-0.01016306057310071,-0.0015833127985982974,,,,,2026-09-09 02:13:13.890919
62de52f9-ccd6-488a-a721-257c9e549190,FOLD_1_ANNUAL_COHORT,forward_ebit_margin_change,ENHANCED_OMNIBUS,RidgeRegression,26,20,0.08787518122621081,0.15407479127282583,-0.2857805540177538,-0.40208073303920666,-0.5398496240601504,-0.010203939543448726,-0.010952896374081367,-13.137345718155721,-2.839482669101067,0.004518674962039615,0.014985014985014986,-0.016522360661423114,-0.0035720365804907143,,,,,2026-09-09 02:13:13.893064
fcbb34e4-c897-40af-9365-7e0565666309,FOLD_1_ANNUAL_COHORT,forward_revenue_growth,BASELINE,RidgeRegression,26,20,0.2332475898111539,0.7251026917228011,-0.10983986103482501,-0.3467853036458306,-0.26015037593984963,0.0,0.0,0.0,0.0,1.0,1.0,0.0,0.0,,,,,2026-09-09 02:13:13.895178
3c37dbdf-ed08-4cdd-a14e-123ac8de96fa,FOLD_1_ANNUAL_COHORT,forward_revenue_growth,ENHANCED_OPERATIONAL,RidgeRegression,26,20,0.2330860470286523,0.7247381315914225,-0.10872415243553735,-0.3359764515563031,-0.2781954887218045,0.0001615427825016058,0.00036456013137853294,0.0692580714906409,0.0769903906193241,0.938631189452722,0.936063936063936,-0.003874757698737419,0.004194538823033404,,,,,2026-09-09 02:13:13.897321
0d542d6a-7636-417b-9dba-615877cddad6,FOLD_1_ANNUAL_COHORT,forward_revenue_growth,ENHANCED_RISK,RidgeRegression,26,20,0.22282208765489417,0.7308328325880988,-0.1274502409599103,-0.5118934973230161,-0.11428571428571428,0.01042550215625973,-0.0057301408652977726,4.4697148488010585,1.927869057341979,0.05387141537671325,0.06993006993006994,-0.00025503389165635015,0.020227881248980107,,,,,2026-09-09 02:13:13.89942
d97d32d7-ea82-47b3-b6ac-36c49bb4c1eb,FOLD_1_ANNUAL_COHORT,forward_revenue_growth,ENHANCED_OPERATING,RidgeRegression,26,20,0.23934615386865427,0.7327712474965388,-0.13343892826178982,-0.411506441375094,-0.3458646616541353,-0.006098564057500366,-0.007668555773737706,-2.614631114704334,-1.8713813791687093,0.06129223800859718,0.07192807192807193,-0.012881588424572881,-0.0005021674649336551,,,,,2026-09-09 02:13:13.901543
46d9bd43-ee3d-4a34-afd1-d64a138a2072,FOLD_1_ANNUAL_COHORT,forward_revenue_growth,ENHANCED_MANAGEMENT,RidgeRegression,26,20,0.23500045631126903,0.7264900481076718,-0.11409089043798049,-0.3597192630381868,-0.2586466165413534,-0.0017528665001151356,-0.0013873563848707526,-0.7515046571475069,-0.8134759576289426,0.41594522527862776,0.4325674325674326,-0.005710270005594284,0.0022905391421521675,,,,,2026-09-09 02:13:13.903626
0e4981bf-5a18-43cd-aafc-038167d3dc59,FOLD_1_ANNUAL_COHORT,forward_revenue_growth,ENHANCED_OMNIBUS,RidgeRegression,26,20,0.23070966497021014,0.7390285500531748,-0.152878969320277,-0.5273525305667428,-0.13533834586466165,0.002537924840943756,-0.013925858330373742,1.0880819145863656,0.33081234938359966,0.7407862321593879,0.7472527472527473,-0.013230458647363583,0.017070807869303692,,,,,2026-09-09 02:13:13.905813
f230d1cb-c53a-4dba-b813-922158092778,FOLD_1_ANNUAL_COHORT,earnings_deterioration,BASELINE_LOGISTIC,LogisticRegression,26,20,,,,,,,,,,,,,,0.45046109341438834,0.26262626262626265,0.47355033089623577,0.45,2026-09-09 02:13:13.907229
65ed6e32-af5a-44f4-b410-769e46c4ebed,FOLD_1_ANNUAL_COHORT,earnings_deterioration,ENHANCED_OPERATIONAL_LOGISTIC,LogisticRegression,26,20,,,,,,,,,,,,,,0.38509235249966,0.3939393939393939,0.4549953578257125,0.5,2026-09-09 02:13:13.9086
d7d2417e-a73a-4cbb-a9d4-aea6128127dc,FOLD_2_SUBPERIOD_EXPANDING,forward_ebit_margin_change,BASELINE,RidgeRegression,20,26,0.07345932623173633,0.12870815644666547,-0.15343663612669634,0.1305898192563309,-0.01264957264957265,0.0,0.0,0.0,0.0,1.0,1.0,0.0,0.0,,,,,2026-09-09 02:13:13.910769
9fdd1030-7ef4-4f62-a392-fd1d46dbe7ba,FOLD_2_SUBPERIOD_EXPANDING,forward_ebit_margin_change,ENHANCED_OPERATIONAL,RidgeRegression,20,26,0.07408133478365153,0.12913805814161,-0.16115475600000306,0.11309492278211176,-0.04341880341880342,-0.0006220085519152013,-0.0004299016949445289,-0.8467387108248178,-1.4409513301015755,0.149598433135409,0.13786213786213786,-0.0015238723049274816,0.00024854019913077275,,,,,2026-09-09 02:13:13.912939
a79dd0b7-1e3b-4524-82af-21df9ae9e4d7,FOLD_2_SUBPERIOD_EXPANDING,forward_ebit_margin_change,ENHANCED_RISK,RidgeRegression,20,26,0.07381764965594033,0.13038425188347674,-0.18367338087791785,0.05025082387448446,-0.08102564102564103,-0.000358323424203999,-0.0016760954368112702,-0.48778479545759024,-0.22019267865739048,0.8257210982980454,0.8221778221778222,-0.003238204410728512,0.002947936052900396,,,,,2026-09-09 02:13:13.915059
55ab9743-7de1-4fe8-b044-d0d0f8d7e1a4,FOLD_2_SUBPERIOD_EXPANDING,forward_ebit_margin_change,ENHANCED_OPERATING,RidgeRegression,20,26,0.07217990926578598,0.13100973564217863,-0.19505733752937093,-0.016951915366210112,-0.0441025641025641,0.001279416965950353,-0.0023015791955131593,1.7416671668268195,0.5718681899458337,0.567411275970914,0.5784215784215784,-0.0032771225208229455,0.00569177591940095,,,,,2026-09-09 02:13:13.917157
fe4eabda-6c0d-419b-8437-0a7c0af57234,FOLD_2_SUBPERIOD_EXPANDING,forward_ebit_margin_change,ENHANCED_MANAGEMENT,RidgeRegression,20,26,0.07790813341261513,0.136345792816054,-0.29438980995891284,-0.15441077847021228,-0.2205128205128205,-0.004448807180878797,-0.007637636369388523,-6.05615026585528,-1.9363532710674318,0.05282444849796186,0.06693306693306693,-0.008848520897674223,-4.708071078233653e-05,,,,,2026-09-09 02:13:13.91928
16ee6fb0-878e-4300-97b7-78030d03ef7e,FOLD_2_SUBPERIOD_EXPANDING,forward_ebit_margin_change,ENHANCED_OMNIBUS,RidgeRegression,20,26,0.0789136545135472,0.1393675155870746,-0.35239861897945324,-0.2631161273091999,-0.3264957264957265,-0.005454328281810875,-0.010659359140409136,-7.4249636657495826,-1.480210945428742,0.13881696031901303,0.14085914085914086,-0.012772182854386848,0.0019140585954452727,,,,,2026-09-09 02:13:13.921398
a0d093ba-37f8-4f21-b772-36a1bfd199b3,FOLD_2_SUBPERIOD_EXPANDING,forward_revenue_growth,BASELINE,RidgeRegression,20,26,0.2094374103138404,0.6510362299210222,-0.14871226694364315,-0.35091518714718273,-0.24512820512820513,0.0,0.0,0.0,0.0,1.0,1.0,0.0,0.0,,,,,2026-09-09 02:13:13.923494
794ab636-29ae-4c4e-a6b0-5fc6474413e2,FOLD_2_SUBPERIOD_EXPANDING,forward_revenue_growth,ENHANCED_OPERATIONAL,RidgeRegression,20,26,0.20826932165997436,0.6497401842673691,-0.14414323812467345,-0.3395230741426396,-0.19179487179487179,0.0011680886538660284,0.001296045653653044,0.5577268416925402,0.6013660611918112,0.5475961983877731,0.5424575424575424,-0.0027189339259525744,0.004836304151579675,,,,,2026-09-09 02:13:13.925562
1183d27f-cb74-41a8-88d5-67140ae8d14f,FOLD_2_SUBPERIOD_EXPANDING,forward_revenue_growth,ENHANCED_RISK,RidgeRegression,20,26,0.21483613912882835,0.6700300463425806,-0.21671678796385008,-0.45366532536771,-0.061196581196581196,-0.0053987288149879575,-0.018993816421558396,-2.5777289773102154,-0.7100753629040606,0.4776574033433134,0.5184815184815185,-0.018699644041401228,0.009561474662087744,,,,,2026-09-09 02:13:13.927706
8ef586eb-39fb-46df-90d5-040de39b3b32,FOLD_2_SUBPERIOD_EXPANDING,forward_revenue_growth,ENHANCED_OPERATING,RidgeRegression,20,26,0.2153226007900244,0.6594549404710809,-0.17861291635697363,-0.4206847644581945,-0.23487179487179488,-0.005885190476184021,-0.008418710550058717,-2.8099996401622365,-1.5352415736110696,0.1247244998246615,0.13886113886113885,-0.013378357276297471,0.0017947358421439921,,,,,2026-09-09 02:13:13.929814
a7b8f895-aada-418e-b5ad-1307db78bd4e,FOLD_2_SUBPERIOD_EXPANDING,forward_revenue_growth,ENHANCED_MANAGEMENT,RidgeRegression,20,26,0.21144374762918186,0.6524315491011266,-0.1536414484223383,-0.34518253651209824,-0.2300854700854701,-0.002006337315341472,-0.0013953191801043818,-0.9579651086856883,-1.1133348292816063,0.2655646531922531,0.28471528471528473,-0.005615178671886317,0.0014174635306578875,,,,,2026-09-09 02:13:13.931911
586bfb0c-7b7b-492b-8569-e7946b53e8a0,FOLD_2_SUBPERIOD_EXPANDING,forward_revenue_growth,ENHANCED_OMNIBUS,RidgeRegression,20,26,0.21016939090061829,0.6628938794590477,-0.19093747701317487,-0.4551912702897131,-0.13709401709401708,-0.0007319805867778972,-0.011857649538025483,-0.34949849011264505,-0.10190794085548033,0.9188297468897635,0.9280719280719281,-0.014834770151003583,0.012804566860334892,,,,,2026-09-09 02:13:13.933996
d434cc0e-fa0a-43b7-a399-4ec5cb7431ef,FOLD_2_SUBPERIOD_EXPANDING,earnings_deterioration,BASELINE_LOGISTIC,LogisticRegression,20,26,,,,,,,,,,,,,,0.348556109213144,0.5088757396449705,0.563403940004321,0.5769230769230769,2026-09-09 02:13:13.935299
fae01029-73ea-4300-9149-06d49467ec95,FOLD_2_SUBPERIOD_EXPANDING,earnings_deterioration,ENHANCED_OPERATIONAL_LOGISTIC,LogisticRegression,20,26,,,,,,,,,,,,,,0.3034611693131092,0.6035502958579881,0.6111359172832143,0.6923076923076923,2026-09-09 02:13:13.936711
