ticker,name,sector,cik,ltm_revenue,ltm_ebit,ltm_nopat,diluted_shares,wacc,base_fair_value,bull_fair_value,bear_fair_value,current_share_price,upside_downside_base,status,reason
AAPL,Apple Inc.,Information Technology,0000320193,391035000000.0,123216000000.0,93531805288.09167,15408095000.0,0.099365,93.66,111.86,70.73,250.4,-0.626,SUCCESS,
ABT,Abbott Laboratories,Health Care,0000001800,41217000000.0,6694000000.0,5695529359.693125,1749434000.0,0.080992,50.52,66.02,32.18,113.8,-0.5561,SUCCESS,
AMZN,"Amazon.com, Inc.",Consumer Discretionary,0001018724,620128000000.0,60599000000.0,50488890110.25671,10705000000.0,0.106761,46.48,66.33,22.18,219.4,-0.7882,SUCCESS,
CAT,Caterpillar Inc.,Industrials,0000018230,65664000000.0,13282000000.0,10548959712.983032,491700000.0,0.1032,330.26,396.15,249.75,395.0,-0.1639,SUCCESS,
COP,ConocoPhillips,Energy,0001163165,49614000000.0,9564000000.0,7555560000.0,1171424000.0,0.093109,224.47,265.09,173.41,104.8,1.1419,SUCCESS,
COST,Costco Wholesale Corp.,Consumer Staples,0000909832,254453000000.0,9285000000.0,7022853696.098562,444891000.0,0.084789,239.67,450.74,77.91,918.0,-0.7389,SUCCESS,
CSCO,"Cisco Systems, Inc.",Information Technology,0000858877,53803000000.0,12181000000.0,10275291809.710644,4013000000.0,0.087596,43.29,53.99,30.02,58.75,-0.2631,SUCCESS,
CVX,Chevron Corp.,Energy,0000093410,194013000000.0,24937000000.0,16733000000.0,1829776000.0,0.0907,183.58,231.67,125.35,149.2,0.2305,SUCCESS,
EOG,"EOG Resources, Inc.",Energy,0000821189,24470000000.0,8994000000.0,7034413407.82123,573000000.0,0.102773,149.77,176.83,115.94,124.5,0.2029,SUCCESS,
HD,"Home Depot, Inc.",Consumer Discretionary,0000354950,154596000000.0,21174000000.0,16108734638.616955,992000000.0,0.089998,237.15,315.87,142.25,398.2,-0.4044,SUCCESS,
HON,Honeywell International Inc.,Industrials,0000773840,37850000000.0,7594000000.0,6030747317.073171,655200000.0,0.083262,136.23,176.74,87.18,214.2,-0.364,SUCCESS,
INTC,Intel Corp.,Information Technology,0000050863,54247000000.0,-9505000000.0,-7508950000.0,4267000000.0,0.082767,-24.73,-22.81,-21.9,20.06,-2.2329,SUCCESS,
JNJ,Johnson & Johnson,Health Care,0000200406,23932000000.0,7390000000.0,4531000000.0,2429500000.0,0.072145,52.61,66.18,35.81,144.6,-0.6362,SUCCESS,
KO,Coca-Cola Co.,Consumer Staples,0000021344,46366000000.0,9556000000.0,7803842031.02962,4321000000.0,0.071976,31.1,41.77,18.19,62.4,-0.5016,SUCCESS,
LMT,Lockheed Martin Corp.,Industrials,0000936468,71295000000.0,8610000000.0,7324974509.304104,239900000.0,0.074228,532.56,741.55,289.28,458.0,0.1628,SUCCESS,
LOW,"Lowe's Companies, Inc.",Consumer Discretionary,0000060667,83722000000.0,10324000000.0,7870772277.227723,569000000.0,0.088984,197.61,271.33,108.71,268.0,-0.2627,SUCCESS,
MCD,McDonald's Corp.,Consumer Discretionary,0000063908,25938200000.0,11645900000.0,9200261000.0,722700000.0,0.070728,190.01,241.84,126.01,291.5,-0.3482,SUCCESS,
MMM,3M Co.,Industrials,0000066740,28565000000.0,5332000000.0,4418169895.678092,554500000.0,0.086543,147.01,183.82,102.13,129.5,0.1352,SUCCESS,
MRK,"Merck & Co., Inc.",Health Care,0000310158,63174000000.0,13720000000.0,12163000000.0,2543000000.0,0.070643,98.69,126.61,65.2,98.7,-0.0001,SUCCESS,
MSFT,Microsoft Corp.,Information Technology,0000789019,245122000000.0,109433000000.0,89481912364.19975,7470000000.0,0.09757,96.19,116.31,71.46,421.5,-0.7718,SUCCESS,
NKE,"Nike, Inc.",Consumer Discretionary,0000320187,51362000000.0,6700000000.0,5700000000.0,1502000000.0,0.092119,63.08,80.25,42.67,74.8,-0.1566,SUCCESS,
NVDA,NVIDIA Corp.,Information Technology,0001045810,60922000000.0,32971000000.0,29015515997.397835,24837000000.0,0.127896,13.18,14.88,11.08,134.3,-0.9018,SUCCESS,
PEP,"PepsiCo, Inc.",Consumer Staples,0000077476,91920000000.0,12320000000.0,9940455869.7515,1379000000.0,0.064251,137.71,200.43,64.93,153.2,-0.1011,SUCCESS,
PFE,Pfizer Inc.,Health Care,0000078003,52531000000.0,3904000000.0,3084160000.0,5699000000.0,0.066878,22.41,31.69,11.52,25.8,-0.1313,SUCCESS,
PG,Procter & Gamble Co.,Consumer Staples,0000080424,84039000000.0,18545000000.0,14801600660.94558,2466000000.0,0.066907,154.0,196.58,102.53,168.5,-0.0861,SUCCESS,
SLB,SLB Ltd.,Energy,0000087347,35995000000.0,6445000000.0,5194999125.56838,1441000000.0,0.096071,57.61,71.54,40.63,39.8,0.4474,SUCCESS,
TMO,Thermo Fisher Scientific Inc.,Health Care,0000097745,42370000000.0,7175000000.0,6502212551.199532,383000000.0,0.08267,177.59,243.96,99.83,512.4,-0.6534,SUCCESS,
UNP,Union Pacific Corp.,Industrials,0000100885,24288000000.0,9595000000.0,7322296769.000805,609700000.0,0.082938,156.18,196.37,105.96,232.0,-0.3268,SUCCESS,
WMT,Walmart Inc.,Consumer Staples,0000104169,642637000000.0,27012000000.0,20115582204.320763,8082000000.0,0.071614,33.87,71.81,0.08,89.9,-0.6233,SUCCESS,
XOM,Exxon Mobil Corp.,Energy,0000034088,350503000000.0,49685000000.0,35120000000.0,4419000000.0,0.086981,148.02,188.93,98.63,108.5,0.3642,SUCCESS,
