observation_id,ticker,company_name,sector,observation_date,data_as_of_date,fiscal_year,claims_count,ebit_margin_t0,rev_growth_t0,forward_margin_change,forward_rev_growth,earnings_deterioration,realization_date,is_valid
obs_AAPL_2023,AAPL,Apple Inc.,Information Technology,2023-11-03,2023-11-03 01:08:27+03,2023,35,0.3013,-0.028,0.0169,0.0202,0,2024-11-01,True
obs_ABT_2023,ABT,Abbott Laboratories,Health Care,2024-02-16,2024-02-17 00:15:58+03,2023,81,0.1738,-0.0812,0.0012,0.0459,0,2025-02-21,True
obs_AMZN_2023,AMZN,"Amazon.com, Inc.",Consumer Discretionary,2024-02-02,2024-02-02 02:48:30+03,2023,76,0.0777,0.1183,0.0434,0.1099,0,2025-02-07,True
obs_CAT_2023,CAT,Caterpillar Inc.,Industrials,2024-02-16,2024-02-16 18:05:13+03,2023,85,0.1836,0.1284,0.0084,-0.0336,0,2025-02-14,True
obs_COP_2023,COP,ConocoPhillips,Energy,2024-02-15,2024-02-15 22:01:15+03,2023,73,-0.19,-0.2052,-0.059,0.0185,1,2025-02-18,True
obs_COST_2023,COST,Costco Wholesale Corp.,Consumer Staples,2023-10-11,2023-10-11 02:13:15+03,2023,32,0.0352,0.0676,0.003,0.0502,0,2024-10-09,True
obs_CSCO_2023,CSCO,"Cisco Systems, Inc.",Information Technology,2023-09-07,2023-09-07 23:30:09+03,2023,39,0.2797,0.1055,-0.0373,-0.0561,1,2024-09-05,True
obs_CVX_2023,CVX,Chevron Corp.,Energy,2024-02-26,2024-02-27 00:07:14+03,2023,35,0.0713,-0.1646,-0.008,-0.0178,1,2025-02-21,True
obs_EOG_2023,EOG,"EOG Resources, Inc.",Energy,2024-02-22,2024-02-23 00:43:31+03,2023,84,0.3939,-0.059,-0.056,-0.0202,1,2025-02-27,True
obs_HD_2023,HD,"Home Depot, Inc.",Consumer Discretionary,2024-03-13,2024-03-13 23:31:59+03,2023,67,0.1191,-0.0301,-0.0071,0.0448,1,2025-03-21,True
obs_HON_2023,HON,Honeywell International Inc.,Industrials,2024-02-16,2024-02-16 21:40:36+03,2023,0,0.1142,0.0337,0.0307,0.0501,0,2025-02-14,True
obs_INTC_2023,INTC,Intel Corp.,Information Technology,2024-01-26,2024-01-26 02:38:16+03,2023,4,0.1678,-0.14,-0.2216,-0.0208,1,2025-01-31,True
obs_JNJ_2023,JNJ,Johnson & Johnson,Health Care,2024-02-16,2024-02-17 00:12:22+03,2023,42,0.2443,-0.7747,-0.0377,3.1515,0,2025-02-13,True
obs_KO_2023,KO,Coca-Cola Co.,Consumer Staples,2024-02-20,2024-02-20 21:21:24+03,2023,88,0.2095,0.0639,-0.0349,0.0286,1,2025-02-20,True
obs_LMT_2023,LMT,Lockheed Martin Corp.,Industrials,2024-01-23,2024-01-24 00:17:08+03,2023,88,0.1215,0.0241,-0.0272,0.0514,1,2025-01-28,True
obs_LOW_2023,LOW,"Lowe's Companies, Inc.",Consumer Discretionary,2024-03-25,2024-03-25 23:18:34+03,2023,75,0.0907,-0.1101,-0.0087,-0.0313,1,2025-03-24,True
obs_MCD_2023,MCD,McDonald's Corp.,Consumer Discretionary,2024-02-22,2024-02-22 20:31:15+03,2023,0,0.4374,0.0997,-0.005,0.0167,0,2025-02-25,True
obs_MMM_2023,MMM,3M Co.,Industrials,2024-02-07,2024-02-07 17:25:16+03,2023,87,0.1551,-0.0452,0.4755,-0.248,0,2025-02-05,True
obs_MRK_2023,MRK,"Merck & Co., Inc.",Health Care,2024-02-26,2024-02-27 00:06:55+03,2023,43,-0.1398,0.014,0.2793,0.0674,0,2025-02-25,True
obs_MSFT_2023,MSFT,Microsoft Corp.,Information Technology,2023-07-27,2023-07-27 23:01:56+03,2023,42,0.4317,0.0688,0.0287,0.1567,0,2024-07-30,True
obs_NKE_2023,NKE,"Nike, Inc.",Consumer Discretionary,2023-07-20,2023-07-20 23:20:36+03,2023,36,0.0972,0.0965,0.0094,0.0028,0,2024-07-25,True
obs_NVDA_2023,NVDA,NVIDIA Corp.,Information Technology,2023-02-24,2023-02-25 01:23:43+03,2023,40,0.2076,0.0022,0.3846,1.2585,0,2024-02-21,True
obs_PEP_2023,PEP,"PepsiCo, Inc.",Consumer Staples,2024-02-09,2024-02-09 01:58:51+03,2023,66,0.0604,0.0588,0.0093,0.0042,0,2025-02-04,True
obs_PFE_2023,PFE,Pfizer Inc.,Health Care,2024-02-22,2024-02-22 21:17:37+03,2023,80,-0.6193,-0.4925,0.1053,0.2497,0,2025-02-27,True
obs_PG_2023,PG,Procter & Gamble Co.,Consumer Staples,2023-08-04,2023-08-04 23:16:13+03,2023,45,0.2025,0.0227,-0.0005,0.0248,0,2024-08-05,True
obs_SLB_2023,SLB,SLB Ltd.,Energy,2024-01-24,2024-01-24 20:15:58+03,2023,51,0.2078,0.1796,-0.0406,0.0952,1,2025-01-22,True
obs_TMO_2023,TMO,Thermo Fisher Scientific Inc.,Health Care,2024-02-22,2024-02-22 21:06:42+03,2023,85,0.1703,-0.0458,0.0111,0.0005,0,2025-02-20,True
obs_UNP_2023,UNP,Union Pacific Corp.,Industrials,2024-02-09,2024-02-09 21:56:24+03,2023,67,0.3908,-0.0304,0.024,0.0054,0,2025-02-07,True
obs_WMT_2023,WMT,Walmart Inc.,Consumer Staples,2023-03-17,2023-03-18 02:59:59+03,2023,38,0.0342,0.0671,0.0083,0.0607,0,2024-03-15,True
obs_XOM_2023,XOM,Exxon Mobil Corp.,Energy,2024-02-28,2024-02-29 00:37:18+03,2023,82,0.126,-0.167,-0.0134,0.0145,1,2025-02-19,True
