ticker,sector,min_year,max_year,usable_years,revenue_years,ebit_years,net_income_years,cash_years,debt_years,assets_years,equity_years,cfo_years,capex_years,da_years,status
AAPL,Information Technology,2014,2024,11,11,11,11,11,11,11,11,11,11,11,PASS
MSFT,Information Technology,2014,2024,11,11,11,11,11,11,11,11,11,11,11,PASS
NVDA,Information Technology,2014,2024,10,10,10,10,10,10,10,10,10,10,10,PASS
INTC,Information Technology,2014,2024,11,11,11,11,11,11,11,11,11,11,11,PASS
CSCO,Information Technology,2014,2024,11,11,11,11,11,11,11,11,11,11,11,PASS
JNJ,Health Care,2014,2024,7,7,11,11,11,11,11,11,11,11,11,PASS
PFE,Health Care,2014,2024,7,7,11,11,11,11,11,11,11,11,10,PASS
ABT,Health Care,2014,2024,11,11,11,11,11,11,11,11,11,11,11,PASS
MRK,Health Care,2014,2024,7,7,11,11,11,11,11,11,11,11,11,PASS
TMO,Health Care,2014,2024,11,11,11,11,11,11,11,11,11,11,11,PASS
WMT,Consumer Staples,2014,2024,10,10,10,10,10,10,10,10,10,10,10,PASS
PG,Consumer Staples,2014,2024,11,11,11,11,11,11,11,11,11,11,11,PASS
KO,Consumer Staples,2014,2024,7,7,11,11,11,11,11,11,11,11,11,PASS
PEP,Consumer Staples,2014,2024,11,11,11,11,11,11,11,11,11,11,11,PASS
COST,Consumer Staples,2014,2024,11,11,11,11,11,11,11,11,11,11,11,PASS
AMZN,Consumer Discretionary,2014,2024,11,11,11,11,11,11,11,11,11,11,11,PASS
HD,Consumer Discretionary,2014,2024,11,11,11,11,11,11,11,11,11,11,11,PASS
NKE,Consumer Discretionary,2014,2024,11,11,11,11,11,11,11,11,11,11,11,PASS
MCD,Consumer Discretionary,2014,2024,11,11,11,11,11,11,11,11,11,11,11,PASS
LOW,Consumer Discretionary,2014,2024,11,11,11,11,11,11,11,11,11,11,11,PASS
CAT,Industrials,2014,2024,7,11,11,11,7,11,11,11,11,11,11,PASS
MMM,Industrials,2014,2024,7,11,11,11,7,11,11,11,11,11,11,PASS
HON,Industrials,2014,2024,10,10,10,10,10,10,10,10,10,10,10,PASS
UNP,Industrials,2014,2024,11,11,11,11,11,11,11,11,11,11,11,PASS
LMT,Industrials,2014,2024,11,11,11,11,11,11,11,11,11,11,11,PASS
XOM,Energy,2014,2024,11,11,11,11,11,11,11,11,11,11,11,PASS
CVX,Energy,2014,2024,11,11,11,11,11,11,11,11,11,11,11,PASS
COP,Energy,2014,2024,8,11,8,11,11,11,11,11,11,9,11,PASS
SLB,Energy,2014,2024,11,11,11,11,11,11,11,11,11,11,11,PASS
EOG,Energy,2014,2024,11,11,11,11,11,11,11,11,11,11,11,PASS
