observation_id,ticker,forward_ebit_margin_change,forward_revenue_growth,earnings_deterioration,realization_date,realization_accession,is_valid,created_at
panel_SLB_2022,SLB,0.018476788910678665,0.1795592894521377,0.0,2024-01-24,0000950170-24-006884,true,2026-09-09 02:13:07.550633
panel_LMT_2022,LMT,-0.0006183144916606931,0.024051285160038797,1.0,2024-01-23,0000936468-24-000010,true,2026-09-09 02:13:07.551996
panel_INTC_2022,INTC,-0.03530090995039795,-0.13997525930155105,1.0,2024-01-26,0000050863-24-000010,true,2026-09-09 02:13:07.553212
panel_AMZN_2022,AMZN,0.04028482608379107,0.11829574129883673,0.0,2024-02-02,0001018724-24-000008,true,2026-09-09 02:13:07.554587
panel_MMM_2022,MMM,-0.4703428588940174,-0.0452248093721698,1.0,2024-02-07,0000066740-24-000016,true,2026-09-09 02:13:07.555617
panel_PEP_2022,PEP,-0.0022170129132084715,0.058790165756088524,1.0,2024-02-09,0000077476-24-000008,true,2026-09-09 02:13:07.556606
panel_UNP_2022,UNP,-0.022123758641459712,-0.030391959798994974,1.0,2024-02-09,0001437749-24-003599,true,2026-09-09 02:13:07.557574
panel_HON_2022,HON,0.015407903701362496,0.03372243839169909,0.0,2024-02-16,0000773840-24-000014,true,2026-09-09 02:13:07.558568
panel_CAT_2022,CAT,0.06034572256710799,0.12844330018341832,0.0,2024-02-16,0000018230-24-000009,true,2026-09-09 02:13:07.559543
panel_COP_2022,COP,-0.126699893143438,-0.20519582630346114,1.0,2024-02-15,0001163165-24-000010,true,2026-09-09 02:13:07.560532
panel_JNJ_2022,JNJ,-0.0032547822318315656,-0.774654266243957,1.0,2024-02-16,0000200406-24-000013,true,2026-09-09 02:13:07.561469
panel_ABT_2022,ABT,-0.030046250328014668,-0.08118571461297047,1.0,2024-02-16,0001628280-24-005348,true,2026-09-09 02:13:07.562392
panel_KO_2022,KO,-0.006460718435167878,0.06394753976374291,1.0,2024-02-20,0000021344-24-000009,true,2026-09-09 02:13:07.563352
panel_XOM_2022,XOM,-0.03477466290198128,-0.16703248888029396,1.0,2024-02-28,0000034088-24-000018,true,2026-09-09 02:13:07.564285
panel_EOG_2022,EOG,0.009295953018066905,-0.058983736674188776,0.0,2024-02-22,0000821189-24-000011,true,2026-09-09 02:13:07.56523
panel_PFE_2022,PFE,-0.32536757349057027,-0.4925346357021828,1.0,2024-02-22,0000078003-24-000039,true,2026-09-09 02:13:07.566203
panel_TMO_2022,TMO,-0.026820209776223403,-0.04581988199933207,1.0,2024-02-22,0000097745-24-000007,true,2026-09-09 02:13:07.567427
panel_CVX_2022,CVX,-0.06049681715587557,-0.16462113466572204,1.0,2024-02-26,0000093410-24-000013,true,2026-09-09 02:13:07.568403
panel_NVDA_2023,NVDA,0.38462139780723104,1.2585452658115222,0.0,2024-02-21,0001045810-24-000029,true,2026-09-09 02:13:07.569375
panel_MCD_2022,MCD,0.052620618238001515,0.09969114767109816,0.0,2024-02-22,0000063908-24-000072,true,2026-09-09 02:13:07.570314
panel_HD_2022,HD,-0.010657114892260566,-0.03007566564804991,1.0,2024-03-13,0000354950-24-000062,true,2026-09-09 02:13:07.57128
panel_LOW_2022,LOW,0.029128896839470342,-0.11005676959375225,0.0,2024-03-25,0000060667-24-000033,true,2026-09-09 02:13:07.572221
panel_NKE_2023,NKE,0.009373552494558068,0.0028310912392369722,0.0,2024-07-25,0000320187-24-000044,true,2026-09-09 02:13:07.57314
panel_MSFT_2023,MSFT,0.028714189371696175,0.15669962013071279,0.0,2024-07-30,0000950170-24-087843,true,2026-09-09 02:13:07.574117
panel_PG_2023,PG,-0.00045880624156982575,0.024790868960807746,1.0,2024-08-05,0000080424-24-000083,true,2026-09-09 02:13:07.575041
panel_CSCO_2023,CSCO,-0.037310992534709236,-0.05605459840696165,1.0,2024-09-05,0000858877-24-000017,true,2026-09-09 02:13:07.575959
panel_COST_2023,COST,0.0030012449979785402,0.05020017334599034,0.0,2024-10-09,0000909832-24-000049,true,2026-09-09 02:13:07.576914
panel_AAPL_2023,AAPL,0.016888106050508445,0.020219940775141214,0.0,2024-11-01,0000320193-24-000123,true,2026-09-09 02:13:07.577856
panel_LMT_2023,LMT,-0.027182341592461426,0.051382989744121,1.0,2025-01-28,0000936468-25-000009,true,2026-09-09 02:13:07.578792
panel_SLB_2023,SLB,-0.04056051747585088,0.09518635883506865,1.0,2025-01-22,0000950170-25-007638,true,2026-09-09 02:13:07.579747
panel_INTC_2023,INTC,-0.22163550999412956,-0.020782621523935976,1.0,2025-01-31,0000050863-25-000009,true,2026-09-09 02:13:07.580654
panel_AMZN_2023,AMZN,0.0434050407459705,0.10990892246666145,0.0,2025-02-07,0001018724-25-000004,true,2026-09-09 02:13:07.581581
panel_MMM_2023,MMM,0.4755216851152435,-0.24803402588660078,0.0,2025-02-05,0000066740-25-000006,true,2026-09-09 02:13:07.582541
panel_PEP_2023,PEP,0.009262668873353919,0.004187119414896525,0.0,2025-02-04,0000077476-25-000007,true,2026-09-09 02:13:07.583491
panel_UNP_2023,UNP,0.023986474281515624,0.005431402628633028,0.0,2025-02-07,0000100885-25-000042,true,2026-09-09 02:13:07.584433
panel_COP_2023,COP,-0.05902245687054225,0.018465850542022176,1.0,2025-02-18,0001163165-25-000012,true,2026-09-09 02:13:07.585399
panel_HON_2023,HON,0.03068948298896884,0.05007910097648792,0.0,2025-02-14,0000773840-25-000010,true,2026-09-09 02:13:07.586344
panel_ABT_2023,ABT,0.0011837973940559132,0.04589992271061358,0.0,2025-02-21,0001628280-25-007110,true,2026-09-09 02:13:07.587312
panel_CAT_2023,CAT,0.008351141632879644,-0.033566954965702354,0.0,2025-02-14,0000018230-25-000008,true,2026-09-09 02:13:07.58826
panel_JNJ_2023,JNJ,-0.0376944837752107,3.151483991586819,1.0,2025-02-13,0000200406-25-000038,true,2026-09-09 02:13:07.589187
panel_KO_2023,KO,-0.03489317820322832,0.028565808453905668,1.0,2025-02-20,0000021344-25-000011,true,2026-09-09 02:13:07.590146
panel_NVDA_2024,NVDA,,,,,,false,2026-09-09 02:13:07.590678
panel_TMO_2023,TMO,0.011065534059332471,0.0005133350444501482,0.0,2025-02-20,0000097745-25-000010,true,2026-09-09 02:13:07.591607
panel_PFE_2023,PFE,0.10531412909858079,0.24969556507051105,0.0,2025-02-27,0000078003-25-000054,true,2026-09-09 02:13:07.592561
panel_MCD_2023,MCD,-0.004994349366488404,0.016721778321703008,1.0,2025-02-25,0000063908-25-000012,true,2026-09-09 02:13:07.593484
panel_EOG_2023,EOG,-0.056006440842186866,-0.020176961878772843,1.0,2025-02-27,0000821189-25-000011,true,2026-09-09 02:13:07.594408
panel_MRK_2023,MRK,0.27926134759601307,0.06742077684438161,0.0,2025-02-25,0001628280-25-007732,true,2026-09-09 02:13:07.595365
panel_CVX_2023,CVX,-0.008025861395294348,-0.017769268661794804,1.0,2025-02-21,0000093410-25-000009,true,2026-09-09 02:13:07.596308
panel_XOM_2023,XOM,-0.013376885486026835,0.014519040460616051,1.0,2025-02-19,0000034088-25-000010,true,2026-09-09 02:13:07.597246
panel_HD_2023,HD,-0.0071181115467227885,0.04483555928184504,1.0,2025-03-21,0000354950-25-000085,true,2026-09-09 02:13:07.59825
panel_WMT_2024,WMT,,,,,,false,2026-09-09 02:13:07.598773
panel_LOW_2023,LOW,-0.00871652116182503,-0.031293052548710884,1.0,2025-03-24,0000060667-25-000049,true,2026-09-09 02:13:07.599706
panel_NKE_2024,NKE,,,,,,false,2026-09-09 02:13:07.60024
panel_MSFT_2024,MSFT,,,,,,false,2026-09-09 02:13:07.600815
panel_PG_2024,PG,,,,,,false,2026-09-09 02:13:07.601367
panel_CSCO_2024,CSCO,,,,,,false,2026-09-09 02:13:07.601904
panel_COST_2024,COST,,,,,,false,2026-09-09 02:13:07.60243
panel_AAPL_2024,AAPL,,,,,,false,2026-09-09 02:13:07.602953
